Provider_NPI,authorization_count,approval_count,denial_count,pending_count,approval_rate,denial_rate,average_processing_latency,SLA_breach_rate,average_retry_count
1000191866.0,1,0,1,0,0.0,1.0,5.0,0.0,0.0
1001071453.0,1,1,0,0,1.0,0.0,0.0,0.0,1.0
1001678292.0,1,1,0,0,1.0,0.0,0.0,0.0,0.0
1001708385.0,1,1,0,0,1.0,0.0,23.0,1.0,2.0
1002102734.0,1,1,0,0,1.0,0.0,3.0,0.0,2.0
1003563577.0,1,1,0,0,1.0,0.0,18.0,1.0,0.0
1003612450.0,1,1,0,0,1.0,0.0,8.0,0.0,0.0
1003861311.0,1,1,0,0,1.0,0.0,4.0,0.0,3.0
1004169542.0,1,0,1,0,0.0,1.0,4.0,0.0,0.0
1004213002.0,1,1,0,0,1.0,0.0,6.0,0.0,1.0
1004414098.0,1,0,0,1,0.0,0.0,,0.0,1.0
1004679101.0,1,0,1,0,0.0,1.0,10.0,0.0,0.0
1005061108.0,1,0,0,1,0.0,0.0,,0.0,1.0
1005507428.0,1,1,0,0,1.0,0.0,3.0,0.0,0.0
1006391819.0,1,1,0,0,1.0,0.0,11.0,0.0,0.0
1006625345.0,1,1,0,0,1.0,0.0,13.0,0.0,0.0
1006791202.0,1,1,0,0,1.0,0.0,2.0,0.0,0.0
1007365320.0,1,0,1,0,0.0,1.0,8.0,0.0,1.0
1007445083.0,1,0,0,1,0.0,0.0,,0.0,3.0
1007496608.0,1,0,1,0,0.0,1.0,4.0,0.0,0.0
1007995408.0,1,1,0,0,1.0,0.0,5.0,0.0,3.0
1008177499.0,1,1,0,0,1.0,0.0,5.0,0.0,0.0
1008350193.0,1,1,0,0,1.0,0.0,7.0,0.0,0.0
1008853602.0,1,1,0,0,1.0,0.0,12.0,0.0,0.0
1009497475.0,1,1,0,0,1.0,0.0,16.0,1.0,1.0
1009664146.0,1,1,0,0,1.0,0.0,5.0,0.0,0.0
1010692368.0,1,1,0,0,1.0,0.0,10.0,0.0,3.0
1011132243.0,1,1,0,0,1.0,0.0,12.0,0.0,1.0
1012103352.0,1,0,1,0,0.0,1.0,2.0,0.0,1.0
1012405528.0,1,1,0,0,1.0,0.0,15.0,1.0,3.0
1013027877.0,1,1,0,0,1.0,0.0,5.0,1.0,2.0
1013331110.0,1,1,0,0,1.0,0.0,4.0,0.0,2.0
1013608153.0,1,1,0,0,1.0,0.0,8.0,0.0,0.0
1014258290.0,1,0,1,0,0.0,1.0,2.0,0.0,1.0
1014428811.0,1,1,0,0,1.0,0.0,6.0,0.0,3.0
1015112107.0,1,1,0,0,1.0,0.0,9.0,0.0,1.0
1015151318.0,1,1,0,0,1.0,0.0,14.0,0.0,0.0
1015169781.0,1,1,0,0,1.0,0.0,3.0,0.0,0.0
1015480675.0,1,1,0,0,1.0,0.0,16.0,1.0,1.0
1015508106.0,1,0,0,1,0.0,0.0,,0.0,1.0
1015670325.0,1,0,0,1,0.0,0.0,,0.0,2.0
1016282511.0,1,0,1,0,0.0,1.0,5.0,0.0,0.0
1016496881.0,1,0,0,1,0.0,0.0,,0.0,0.0
1018120162.0,1,1,0,0,1.0,0.0,4.0,1.0,0.0
1018291100.0,1,0,0,1,0.0,0.0,,0.0,0.0
1018614702.0,1,1,0,0,1.0,0.0,7.0,0.0,2.0
1018784354.0,1,0,0,1,0.0,0.0,,0.0,3.0
1019749474.0,1,1,0,0,1.0,0.0,8.0,1.0,2.0
1020025465.0,1,0,1,0,0.0,1.0,9.0,0.0,1.0
1020099156.0,1,1,0,0,1.0,0.0,17.0,1.0,0.0
1020734327.0,1,1,0,0,1.0,0.0,19.0,1.0,3.0
1021638750.0,1,1,0,0,1.0,0.0,9.0,0.0,0.0
1022554316.0,1,1,0,0,1.0,0.0,8.0,0.0,1.0
1022700441.0,1,0,1,0,0.0,1.0,20.0,1.0,0.0
1023675392.0,1,0,0,1,0.0,0.0,,0.0,0.0
1024854260.0,1,1,0,0,1.0,0.0,16.0,1.0,3.0
1025231652.0,1,0,1,0,0.0,1.0,1.0,0.0,0.0
1025290027.0,1,1,0,0,1.0,0.0,5.0,1.0,3.0
1025554459.0,1,0,1,0,0.0,1.0,15.0,1.0,0.0
1026372526.0,1,1,0,0,1.0,0.0,6.0,0.0,3.0
1026587922.0,1,0,1,0,0.0,1.0,13.0,0.0,0.0
1026913336.0,1,1,0,0,1.0,0.0,12.0,0.0,2.0
1027296655.0,1,0,1,0,0.0,1.0,9.0,0.0,1.0
1028375206.0,1,1,0,0,1.0,0.0,13.0,0.0,0.0
1028511083.0,1,0,1,0,0.0,1.0,14.0,0.0,1.0
1029338021.0,1,1,0,0,1.0,0.0,8.0,0.0,3.0
1029380757.0,1,0,1,0,0.0,1.0,31.0,1.0,0.0
1029998375.0,1,1,0,0,1.0,0.0,11.0,0.0,0.0
1033198590.0,1,1,0,0,1.0,0.0,7.0,0.0,0.0
1033453662.0,1,1,0,0,1.0,0.0,2.0,0.0,0.0
1033556290.0,1,1,0,0,1.0,0.0,4.0,0.0,1.0
1034193619.0,1,0,1,0,0.0,1.0,7.0,0.0,2.0
1036599517.0,1,1,0,0,1.0,0.0,6.0,0.0,3.0
1037055476.0,1,0,1,0,0.0,1.0,14.0,0.0,3.0
1037855356.0,1,1,0,0,1.0,0.0,3.0,0.0,0.0
1039979042.0,2,2,0,0,1.0,0.0,4.0,1.0,0.0
1040342033.0,1,1,0,0,1.0,0.0,10.0,0.0,3.0
1040938605.0,1,1,0,0,1.0,0.0,10.0,0.0,2.0
1041360638.0,1,1,0,0,1.0,0.0,1.0,0.0,1.0
1041649984.0,1,1,0,0,1.0,0.0,5.0,0.0,1.0
1041953213.0,1,1,0,0,1.0,0.0,13.0,0.0,2.0
1041998066.0,1,1,0,0,1.0,0.0,9.0,0.0,0.0
1042347362.0,1,0,1,0,0.0,1.0,5.0,1.0,0.0
1042700627.0,1,1,0,0,1.0,0.0,3.0,0.0,0.0
1044490775.0,1,1,0,0,1.0,0.0,23.0,1.0,2.0
1045278947.0,1,0,1,0,0.0,1.0,6.0,1.0,1.0
1046681108.0,1,1,0,0,1.0,0.0,13.0,0.0,0.0
1047649902.0,1,0,1,0,0.0,1.0,3.0,0.0,0.0
1047655207.0,1,0,1,0,0.0,1.0,13.0,0.0,1.0
1048255476.0,1,1,0,0,1.0,0.0,19.0,1.0,0.0
1049166039.0,1,0,0,1,0.0,0.0,,0.0,0.0
1049429827.0,1,1,0,0,1.0,0.0,7.0,0.0,0.0
1053469190.0,1,1,0,0,1.0,0.0,5.0,0.0,0.0
1053637180.0,1,1,0,0,1.0,0.0,5.0,0.0,2.0
1055901728.0,1,0,0,1,0.0,0.0,,0.0,0.0
1055969464.0,1,0,1,0,0.0,1.0,2.0,0.0,2.0
1057152467.0,1,1,0,0,1.0,0.0,13.0,0.0,1.0
1058154637.0,1,1,0,0,1.0,0.0,2.0,0.0,3.0
1060021778.0,1,1,0,0,1.0,0.0,6.0,0.0,2.0
1060677801.0,1,1,0,0,1.0,0.0,13.0,0.0,2.0
1060796167.0,1,1,0,0,1.0,0.0,1.0,0.0,2.0
1062206069.0,1,1,0,0,1.0,0.0,12.0,0.0,0.0
1062838511.0,1,1,0,0,1.0,0.0,8.0,0.0,0.0
1063415556.0,1,0,1,0,0.0,1.0,3.0,0.0,1.0
1064402619.0,1,1,0,0,1.0,0.0,15.0,1.0,0.0
1064701413.0,1,0,1,0,0.0,1.0,15.0,1.0,0.0
1065422794.0,1,1,0,0,1.0,0.0,5.0,0.0,0.0
1065504569.0,1,0,0,1,0.0,0.0,,0.0,0.0
1065884665.0,1,1,0,0,1.0,0.0,13.0,0.0,3.0
1066562752.0,1,1,0,0,1.0,0.0,6.0,0.0,0.0
1066651900.0,1,1,0,0,1.0,0.0,12.0,0.0,0.0
1067348812.0,1,1,0,0,1.0,0.0,6.0,0.0,0.0
1067537691.0,1,0,0,1,0.0,0.0,,0.0,0.0
1068103730.0,1,0,1,0,0.0,1.0,5.0,0.0,2.0
1068390369.0,1,0,1,0,0.0,1.0,11.0,0.0,0.0
1068564363.0,1,1,0,0,1.0,0.0,1.0,0.0,3.0
1069397352.0,1,1,0,0,1.0,0.0,13.0,0.0,1.0
1070436974.0,1,0,1,0,0.0,1.0,9.0,0.0,3.0
1070723830.0,1,0,0,1,0.0,0.0,,0.0,0.0
1071076813.0,1,0,1,0,0.0,1.0,23.0,1.0,0.0
1071552223.0,1,0,1,0,0.0,1.0,4.0,1.0,1.0
1071864539.0,1,1,0,0,1.0,0.0,7.0,0.0,0.0
1072282149.0,1,1,0,0,1.0,0.0,7.0,0.0,2.0
1072823854.0,1,0,1,0,0.0,1.0,9.0,0.0,2.0
1072831607.0,1,1,0,0,1.0,0.0,10.0,0.0,0.0
1073339933.0,1,1,0,0,1.0,0.0,10.0,0.0,0.0
1074680918.0,1,0,1,0,0.0,1.0,5.0,0.0,0.0
1074936265.0,1,0,0,1,0.0,0.0,,0.0,0.0
1075802105.0,1,1,0,0,1.0,0.0,6.0,0.0,0.0
1075938506.0,1,0,1,0,0.0,1.0,8.0,0.0,1.0
1076196594.0,1,0,1,0,0.0,1.0,5.0,0.0,3.0
1076735096.0,1,1,0,0,1.0,0.0,10.0,0.0,0.0
1077058714.0,1,1,0,0,1.0,0.0,1.0,0.0,3.0
1077174003.0,1,1,0,0,1.0,0.0,10.0,0.0,3.0
1078300319.0,1,0,1,0,0.0,1.0,18.0,1.0,0.0
1078433347.0,1,1,0,0,1.0,0.0,7.0,1.0,0.0
1079516932.0,1,0,1,0,0.0,1.0,14.0,0.0,0.0
1080555309.0,1,1,0,0,1.0,0.0,16.0,1.0,0.0
1082634401.0,1,1,0,0,1.0,0.0,5.0,0.0,1.0
1082888637.0,1,0,1,0,0.0,1.0,10.0,0.0,0.0
1083083814.0,1,1,0,0,1.0,0.0,11.0,0.0,0.0
1083114809.0,1,1,0,0,1.0,0.0,7.0,0.0,0.0
1083698211.0,1,1,0,0,1.0,0.0,1.0,0.0,3.0
1084166147.0,1,1,0,0,1.0,0.0,4.0,0.0,0.0
1084637848.0,1,1,0,0,1.0,0.0,2.0,0.0,2.0
1085453224.0,1,1,0,0,1.0,0.0,12.0,0.0,0.0
1086043442.0,1,1,0,0,1.0,0.0,11.0,0.0,0.0
1086826074.0,1,0,1,0,0.0,1.0,12.0,0.0,0.0
1088214207.0,1,0,0,1,0.0,0.0,,0.0,1.0
1088517308.0,1,1,0,0,1.0,0.0,17.0,1.0,0.0
1088697393.0,1,1,0,0,1.0,0.0,14.0,0.0,0.0
1089740957.0,1,0,0,1,0.0,0.0,,0.0,2.0
1089854180.0,1,1,0,0,1.0,0.0,14.0,0.0,0.0
1090351559.0,1,0,0,1,0.0,0.0,,0.0,0.0
1090566058.0,1,0,0,1,0.0,0.0,,0.0,2.0
1091154457.0,1,1,0,0,1.0,0.0,3.0,0.0,0.0
1091331402.0,1,0,1,0,0.0,1.0,10.0,0.0,0.0
1091441747.0,1,0,1,0,0.0,1.0,7.0,0.0,0.0
1091958165.0,1,0,1,0,0.0,1.0,3.0,0.0,0.0
1092129424.0,1,1,0,0,1.0,0.0,16.0,1.0,0.0
1092341428.0,1,1,0,0,1.0,0.0,26.0,1.0,3.0
1092354812.0,2,0,2,0,0.0,1.0,9.0,0.0,2.0
1092381520.0,1,1,0,0,1.0,0.0,8.0,0.0,3.0
1092386472.0,1,1,0,0,1.0,0.0,9.0,0.0,1.0
1092660233.0,1,0,1,0,0.0,1.0,1.0,0.0,0.0
1093414273.0,1,0,1,0,0.0,1.0,12.0,0.0,0.0
1095180053.0,1,0,1,0,0.0,1.0,12.0,0.0,0.0
1096194936.0,1,0,1,0,0.0,1.0,4.0,1.0,0.0
1096925643.0,1,0,1,0,0.0,1.0,2.0,0.0,0.0
1097182308.0,1,0,0,1,0.0,0.0,,0.0,0.0
1097319824.0,1,1,0,0,1.0,0.0,9.0,0.0,0.0
1097362434.0,1,0,0,1,0.0,0.0,,0.0,0.0
1097418547.0,1,1,0,0,1.0,0.0,8.0,0.0,0.0
1097563296.0,1,0,0,1,0.0,0.0,,0.0,0.0
1097939411.0,1,1,0,0,1.0,0.0,5.0,0.0,0.0
1098046578.0,1,0,0,1,0.0,0.0,,0.0,0.0
1098196833.0,1,0,0,1,0.0,0.0,,0.0,0.0
1099070445.0,1,1,0,0,1.0,0.0,5.0,0.0,0.0
1099087264.0,1,1,0,0,1.0,0.0,9.0,0.0,0.0
1099666116.0,1,1,0,0,1.0,0.0,1.0,0.0,0.0
1099977319.0,1,1,0,0,1.0,0.0,14.0,0.0,0.0
1100670387.0,1,0,1,0,0.0,1.0,2.0,0.0,0.0
1101266982.0,1,1,0,0,1.0,0.0,7.0,0.0,0.0
1102584791.0,1,1,0,0,1.0,0.0,11.0,0.0,0.0
1102877863.0,1,1,0,0,1.0,0.0,2.0,0.0,0.0
1104035393.0,1,1,0,0,1.0,0.0,5.0,0.0,0.0
1104260917.0,1,1,0,0,1.0,0.0,18.0,1.0,0.0
1104690309.0,1,1,0,0,1.0,0.0,8.0,0.0,1.0
1104991687.0,1,1,0,0,1.0,0.0,7.0,0.0,0.0
1105279136.0,1,1,0,0,1.0,0.0,8.0,0.0,0.0
1105727081.0,1,1,0,0,1.0,0.0,5.0,0.0,0.0
1105838108.0,1,1,0,0,1.0,0.0,11.0,0.0,0.0
1106087109.0,1,1,0,0,1.0,0.0,9.0,0.0,2.0
1106778227.0,1,0,0,1,0.0,0.0,,0.0,0.0
1106862214.0,1,1,0,0,1.0,0.0,7.0,0.0,0.0
1107853483.0,1,0,1,0,0.0,1.0,8.0,0.0,2.0
1107888939.0,1,0,1,0,0.0,1.0,5.0,0.0,2.0
1107985529.0,1,1,0,0,1.0,0.0,8.0,0.0,0.0
1108069300.0,1,1,0,0,1.0,0.0,7.0,1.0,0.0
1109383429.0,1,1,0,0,1.0,0.0,7.0,0.0,0.0
1109389179.0,1,0,0,1,0.0,0.0,,0.0,0.0
1109398153.0,1,1,0,0,1.0,0.0,0.0,0.0,0.0
1110369009.0,1,0,0,1,0.0,0.0,,0.0,0.0
1111431746.0,1,1,0,0,1.0,0.0,3.0,0.0,0.0
1111508140.0,1,0,0,1,0.0,0.0,,0.0,2.0
1111991513.0,1,1,0,0,1.0,0.0,1.0,0.0,0.0
1112951367.0,1,1,0,0,1.0,0.0,5.0,0.0,0.0
1113040458.0,1,0,1,0,0.0,1.0,10.0,0.0,3.0
1113716678.0,1,0,1,0,0.0,1.0,15.0,1.0,3.0
1114082605.0,1,1,0,0,1.0,0.0,9.0,0.0,0.0
1114362462.0,1,1,0,0,1.0,0.0,1.0,0.0,0.0
1114839622.0,1,1,0,0,1.0,0.0,5.0,0.0,1.0
1114964968.0,1,1,0,0,1.0,0.0,7.0,0.0,3.0
1115159757.0,1,1,0,0,1.0,0.0,6.0,0.0,2.0
1115196298.0,1,0,1,0,0.0,1.0,11.0,0.0,0.0
1116298541.0,1,0,1,0,0.0,1.0,22.0,1.0,2.0
1116381384.0,1,1,0,0,1.0,0.0,2.0,0.0,0.0
1117454709.0,1,1,0,0,1.0,0.0,0.0,0.0,3.0
1117555372.0,1,0,1,0,0.0,1.0,1.0,0.0,3.0
1117581525.0,1,1,0,0,1.0,0.0,14.0,0.0,0.0
1120032353.0,1,1,0,0,1.0,0.0,3.0,0.0,0.0
1120134969.0,1,1,0,0,1.0,0.0,17.0,1.0,0.0
1120235773.0,1,1,0,0,1.0,0.0,6.0,0.0,3.0
1120482984.0,1,1,0,0,1.0,0.0,16.0,1.0,0.0
1120681558.0,1,1,0,0,1.0,0.0,7.0,0.0,0.0
1120853237.0,1,0,1,0,0.0,1.0,3.0,0.0,0.0
1121634844.0,1,1,0,0,1.0,0.0,35.0,1.0,0.0
1122010285.0,1,1,0,0,1.0,0.0,0.0,0.0,0.0
1122021563.0,1,0,0,1,0.0,0.0,,0.0,0.0
1122930895.0,1,1,0,0,1.0,0.0,4.0,1.0,0.0
1124387482.0,1,1,0,0,1.0,0.0,17.0,1.0,0.0
1124579929.0,2,0,2,0,0.0,1.0,19.0,1.0,0.0
1124626404.0,1,1,0,0,1.0,0.0,16.0,1.0,1.0
1124717651.0,1,0,0,1,0.0,0.0,,0.0,0.0
1125392924.0,1,1,0,0,1.0,0.0,10.0,0.0,3.0
1126080802.0,1,1,0,0,1.0,0.0,18.0,1.0,3.0
1126294016.0,1,0,1,0,0.0,1.0,3.0,0.0,0.0
1126623554.0,1,1,0,0,1.0,0.0,0.0,0.0,1.0
1129281887.0,1,1,0,0,1.0,0.0,7.0,0.0,0.0
1129527993.0,1,1,0,0,1.0,0.0,8.0,0.0,2.0
1129971212.0,1,1,0,0,1.0,0.0,5.0,0.0,0.0
1130025369.0,1,0,0,1,0.0,0.0,,0.0,1.0
1131205150.0,1,0,1,0,0.0,1.0,17.0,1.0,0.0
1133093282.0,1,0,1,0,0.0,1.0,12.0,0.0,0.0
1133445594.0,1,0,1,0,0.0,1.0,1.0,0.0,2.0
1133989938.0,1,1,0,0,1.0,0.0,17.0,1.0,0.0
1134528235.0,1,1,0,0,1.0,0.0,1.0,0.0,0.0
1135035991.0,1,1,0,0,1.0,0.0,14.0,0.0,3.0
1135678662.0,1,0,0,1,0.0,0.0,,0.0,3.0
1136096803.0,1,0,0,1,0.0,0.0,,0.0,0.0
1136393027.0,1,1,0,0,1.0,0.0,23.0,1.0,2.0
1136992310.0,1,1,0,0,1.0,0.0,9.0,1.0,0.0
1137112365.0,1,0,1,0,0.0,1.0,10.0,0.0,0.0
1137177440.0,1,1,0,0,1.0,0.0,16.0,1.0,0.0
1137396707.0,1,1,0,0,1.0,0.0,10.0,1.0,2.0
1137445191.0,1,1,0,0,1.0,0.0,0.0,0.0,2.0
1138074297.0,1,1,0,0,1.0,0.0,9.0,0.0,0.0
1138444431.0,2,2,0,0,1.0,0.0,14.0,0.0,1.0
1138533057.0,1,0,1,0,0.0,1.0,5.0,1.0,0.0
1138841418.0,1,1,0,0,1.0,0.0,23.0,1.0,3.0
1138946714.0,1,1,0,0,1.0,0.0,18.0,1.0,3.0
1138985000.0,1,1,0,0,1.0,0.0,2.0,0.0,0.0
1139731313.0,1,1,0,0,1.0,0.0,5.0,1.0,2.0
1140243136.0,1,0,1,0,0.0,1.0,16.0,1.0,0.0
1140709260.0,1,1,0,0,1.0,0.0,5.0,0.0,0.0
1140736006.0,1,1,0,0,1.0,0.0,13.0,0.0,0.0
1141861755.0,1,0,1,0,0.0,1.0,0.0,0.0,0.0
1142011927.0,1,0,1,0,0.0,1.0,1.0,0.0,0.0
1142660464.0,1,1,0,0,1.0,0.0,6.0,0.0,0.0
1143950814.0,1,0,0,1,0.0,0.0,,0.0,0.0
1144206602.0,1,0,1,0,0.0,1.0,7.0,0.0,1.0
1147978924.0,1,1,0,0,1.0,0.0,3.0,0.0,1.0
1148174657.0,1,1,0,0,1.0,0.0,9.0,0.0,3.0
1149899478.0,1,1,0,0,1.0,0.0,9.0,0.0,0.0
1150057335.0,1,1,0,0,1.0,0.0,17.0,1.0,2.0
1150227191.0,1,0,0,1,0.0,0.0,,0.0,0.0
1150535516.0,1,0,1,0,0.0,1.0,3.0,0.0,0.0
1151824200.0,1,1,0,0,1.0,0.0,6.0,0.0,1.0
1152386177.0,1,1,0,0,1.0,0.0,4.0,0.0,0.0
1154358878.0,1,1,0,0,1.0,0.0,2.0,0.0,0.0
1154971925.0,1,0,1,0,0.0,1.0,6.0,0.0,0.0
1155552451.0,1,0,0,1,0.0,0.0,,0.0,0.0
1155887216.0,1,1,0,0,1.0,0.0,3.0,0.0,0.0
1156788876.0,1,0,0,1,0.0,0.0,,0.0,0.0
1156793954.0,1,1,0,0,1.0,0.0,16.0,1.0,0.0
1156867571.0,1,0,1,0,0.0,1.0,22.0,1.0,0.0
1157147296.0,1,1,0,0,1.0,0.0,0.0,0.0,2.0
1158402575.0,1,1,0,0,1.0,0.0,13.0,0.0,0.0
1158403186.0,1,1,0,0,1.0,0.0,14.0,0.0,2.0
1158709935.0,1,1,0,0,1.0,0.0,9.0,0.0,0.0
1159651733.0,1,1,0,0,1.0,0.0,5.0,0.0,0.0
1160602203.0,1,0,1,0,0.0,1.0,5.0,0.0,0.0
1161823220.0,1,1,0,0,1.0,0.0,13.0,0.0,1.0
1161986481.0,1,0,1,0,0.0,1.0,13.0,0.0,0.0
1161988211.0,1,0,1,0,0.0,1.0,23.0,1.0,0.0
1162302028.0,1,0,0,1,0.0,0.0,,0.0,0.0
1162596675.0,1,0,1,0,0.0,1.0,3.0,0.0,0.0
1163366943.0,1,1,0,0,1.0,0.0,4.0,0.0,0.0
1163686158.0,1,1,0,0,1.0,0.0,7.0,0.0,0.0
1164483603.0,1,0,0,1,0.0,0.0,,0.0,0.0
1164591568.0,1,0,1,0,0.0,1.0,12.0,0.0,1.0
1164751467.0,1,1,0,0,1.0,0.0,9.0,0.0,2.0
1165770794.0,1,1,0,0,1.0,0.0,26.0,1.0,1.0
1166494980.0,1,0,0,1,0.0,0.0,,0.0,0.0
1166867085.0,1,0,1,0,0.0,1.0,6.0,0.0,3.0
1167327532.0,1,1,0,0,1.0,0.0,3.0,0.0,0.0
1167460952.0,1,0,1,0,0.0,1.0,24.0,1.0,0.0
1167746150.0,1,0,0,1,0.0,0.0,,0.0,1.0
1168205917.0,1,0,1,0,0.0,1.0,4.0,0.0,0.0
1168260971.0,1,1,0,0,1.0,0.0,9.0,0.0,0.0
1168730562.0,1,0,1,0,0.0,1.0,14.0,0.0,0.0
1169801169.0,1,1,0,0,1.0,0.0,20.0,1.0,0.0
1169998420.0,1,1,0,0,1.0,0.0,9.0,0.0,0.0
1170258599.0,1,1,0,0,1.0,0.0,2.0,0.0,1.0
1170483658.0,1,0,0,1,0.0,0.0,,0.0,3.0
1171080042.0,1,1,0,0,1.0,0.0,4.0,1.0,3.0
1171095528.0,1,0,1,0,0.0,1.0,4.0,1.0,0.0
1171158719.0,1,0,1,0,0.0,1.0,12.0,0.0,0.0
1171423756.0,1,1,0,0,1.0,0.0,16.0,1.0,0.0
1171727900.0,1,1,0,0,1.0,0.0,16.0,1.0,1.0
1172105444.0,1,0,0,1,0.0,0.0,,0.0,0.0
1172205139.0,1,1,0,0,1.0,0.0,10.0,0.0,0.0
1172870078.0,1,1,0,0,1.0,0.0,18.0,1.0,0.0
1173303130.0,1,0,1,0,0.0,1.0,9.0,0.0,2.0
1174143701.0,1,1,0,0,1.0,0.0,3.0,0.0,2.0
1174173437.0,1,0,1,0,0.0,1.0,24.0,1.0,0.0
1174260151.0,1,0,1,0,0.0,1.0,13.0,0.0,3.0
1174550384.0,1,0,1,0,0.0,1.0,2.0,0.0,0.0
1175098788.0,1,1,0,0,1.0,0.0,9.0,0.0,0.0
1175603104.0,1,0,0,1,0.0,0.0,,0.0,1.0
1176303983.0,1,1,0,0,1.0,0.0,7.0,0.0,0.0
1177200930.0,1,1,0,0,1.0,0.0,4.0,0.0,0.0
1177608268.0,1,0,1,0,0.0,1.0,18.0,1.0,2.0
1177839789.0,1,1,0,0,1.0,0.0,18.0,1.0,0.0
1178288793.0,1,0,1,0,0.0,1.0,14.0,0.0,0.0
1178840137.0,1,0,1,0,0.0,1.0,7.0,0.0,0.0
1178923063.0,1,1,0,0,1.0,0.0,4.0,1.0,2.0
1179171971.0,1,0,1,0,0.0,1.0,12.0,0.0,0.0
1180140165.0,1,1,0,0,1.0,0.0,13.0,0.0,0.0
1182213280.0,1,1,0,0,1.0,0.0,7.0,0.0,2.0
1182295033.0,1,0,1,0,0.0,1.0,5.0,0.0,1.0
1182547694.0,1,1,0,0,1.0,0.0,2.0,0.0,1.0
1183006200.0,1,1,0,0,1.0,0.0,7.0,0.0,0.0
1183310101.0,1,0,1,0,0.0,1.0,16.0,1.0,3.0
1183941191.0,1,0,1,0,0.0,1.0,9.0,0.0,0.0
1184385568.0,1,1,0,0,1.0,0.0,4.0,0.0,0.0
1184703165.0,1,1,0,0,1.0,0.0,11.0,0.0,3.0
1184988047.0,1,1,0,0,1.0,0.0,9.0,0.0,0.0
1185401848.0,1,1,0,0,1.0,0.0,14.0,0.0,3.0
1185460641.0,1,0,0,1,0.0,0.0,,0.0,3.0
1186032486.0,1,1,0,0,1.0,0.0,6.0,0.0,0.0
1186081367.0,1,1,0,0,1.0,0.0,10.0,0.0,0.0
1186426944.0,1,1,0,0,1.0,0.0,9.0,0.0,3.0
1186461948.0,1,1,0,0,1.0,0.0,13.0,0.0,2.0
1186815576.0,1,1,0,0,1.0,0.0,10.0,0.0,0.0
1186851574.0,1,1,0,0,1.0,0.0,10.0,0.0,0.0
1186860743.0,1,1,0,0,1.0,0.0,10.0,0.0,3.0
1187593734.0,1,0,1,0,0.0,1.0,6.0,0.0,0.0
1187799258.0,1,1,0,0,1.0,0.0,16.0,1.0,0.0
1187857977.0,1,0,1,0,0.0,1.0,0.0,0.0,1.0
1187897266.0,1,1,0,0,1.0,0.0,2.0,0.0,0.0
1188660413.0,1,1,0,0,1.0,0.0,0.0,0.0,0.0
1188924235.0,2,2,0,0,1.0,0.0,8.0,0.0,0.0
1189564482.0,1,1,0,0,1.0,0.0,7.0,0.0,0.0
1189680436.0,1,0,0,1,0.0,0.0,,0.0,1.0
1189901866.0,1,1,0,0,1.0,0.0,20.0,1.0,0.0
1192045194.0,1,1,0,0,1.0,0.0,8.0,0.0,0.0
1193596769.0,1,1,0,0,1.0,0.0,14.0,0.0,0.0
1193951396.0,1,1,0,0,1.0,0.0,5.0,0.0,0.0
1194307654.0,1,1,0,0,1.0,0.0,8.0,0.0,1.0
1194891950.0,1,0,1,0,0.0,1.0,19.0,1.0,0.0
1195002615.0,1,0,1,0,0.0,1.0,5.0,0.0,0.0
1195264272.0,1,0,0,1,0.0,0.0,,0.0,0.0
1196245155.0,1,0,1,0,0.0,1.0,15.0,1.0,0.0
1196685488.0,1,1,0,0,1.0,0.0,6.0,0.0,3.0
1197246871.0,1,0,1,0,0.0,1.0,14.0,0.0,1.0
1197317486.0,1,1,0,0,1.0,0.0,6.0,0.0,0.0
1198167012.0,1,0,1,0,0.0,1.0,21.0,1.0,2.0
1198292843.0,1,1,0,0,1.0,0.0,11.0,0.0,0.0
1198351475.0,1,1,0,0,1.0,0.0,13.0,0.0,3.0
1198681490.0,1,1,0,0,1.0,0.0,18.0,1.0,0.0
1199070081.0,1,1,0,0,1.0,0.0,7.0,0.0,0.0
1199450824.0,1,1,0,0,1.0,0.0,15.0,1.0,0.0
1199461342.0,1,1,0,0,1.0,0.0,9.0,0.0,0.0
1199898927.0,1,0,1,0,0.0,1.0,8.0,0.0,2.0
1200895389.0,1,0,0,1,0.0,0.0,,0.0,2.0
1201596640.0,1,1,0,0,1.0,0.0,3.0,0.0,0.0
1201754295.0,1,0,1,0,0.0,1.0,1.0,0.0,2.0
1201788845.0,1,1,0,0,1.0,0.0,9.0,0.0,0.0
1202383870.0,1,0,0,1,0.0,0.0,,0.0,1.0
1204108716.0,1,1,0,0,1.0,0.0,10.0,0.0,3.0
1205604127.0,1,0,1,0,0.0,1.0,12.0,0.0,1.0
1206213670.0,1,1,0,0,1.0,0.0,6.0,0.0,0.0
1207258831.0,1,1,0,0,1.0,0.0,14.0,0.0,0.0
1209597202.0,1,1,0,0,1.0,0.0,6.0,0.0,0.0
1210043456.0,1,1,0,0,1.0,0.0,1.0,0.0,0.0
1210381041.0,1,1,0,0,1.0,0.0,13.0,0.0,3.0
1210397421.0,1,0,0,1,0.0,0.0,,0.0,0.0
1210782900.0,1,1,0,0,1.0,0.0,11.0,0.0,0.0
1210991433.0,1,0,1,0,0.0,1.0,13.0,0.0,0.0
1211012174.0,2,2,0,0,1.0,0.0,9.0,0.0,0.0
1211906968.0,1,1,0,0,1.0,0.0,6.0,0.0,0.0
1212514141.0,1,1,0,0,1.0,0.0,5.0,0.0,0.0
1212885373.0,1,0,1,0,0.0,1.0,4.0,0.0,0.0
1213487752.0,1,1,0,0,1.0,0.0,8.0,0.0,2.0
1213860050.0,2,0,0,2,0.0,0.0,,0.0,1.0
1214555602.0,1,1,0,0,1.0,0.0,26.0,1.0,0.0
1215176315.0,1,1,0,0,1.0,0.0,10.0,0.0,0.0
1215909826.0,1,1,0,0,1.0,0.0,14.0,0.0,1.0
1216219100.0,1,0,1,0,0.0,1.0,33.0,1.0,3.0
1216789716.0,1,0,0,1,0.0,0.0,,0.0,2.0
1217079861.0,1,0,1,0,0.0,1.0,8.0,1.0,0.0
1218094088.0,1,0,1,0,0.0,1.0,8.0,0.0,2.0
1218716340.0,1,0,1,0,0.0,1.0,5.0,1.0,0.0
1219039957.0,1,0,0,1,0.0,0.0,,0.0,0.0
1219223994.0,1,1,0,0,1.0,0.0,11.0,0.0,0.0
1220017012.0,1,0,1,0,0.0,1.0,6.0,0.0,2.0
1220691257.0,1,1,0,0,1.0,0.0,3.0,0.0,0.0
1220734975.0,1,1,0,0,1.0,0.0,2.0,0.0,1.0
1221218480.0,1,1,0,0,1.0,0.0,14.0,0.0,2.0
1221956224.0,1,0,1,0,0.0,1.0,20.0,1.0,0.0
1222069881.0,1,0,0,1,0.0,0.0,,0.0,1.0
1222203103.0,1,1,0,0,1.0,0.0,8.0,0.0,1.0
1222433905.0,1,1,0,0,1.0,0.0,1.0,0.0,1.0
1222738194.0,1,1,0,0,1.0,0.0,16.0,1.0,0.0
1223113886.0,1,1,0,0,1.0,0.0,9.0,0.0,0.0
1223350881.0,1,1,0,0,1.0,0.0,18.0,1.0,1.0
1223626622.0,1,1,0,0,1.0,0.0,3.0,0.0,0.0
1224606573.0,1,0,1,0,0.0,1.0,10.0,0.0,0.0
1225645386.0,1,1,0,0,1.0,0.0,7.0,0.0,0.0
1225675189.0,1,1,0,0,1.0,0.0,7.0,0.0,1.0
1225840101.0,1,0,1,0,0.0,1.0,6.0,0.0,0.0
1227098210.0,1,0,1,0,0.0,1.0,14.0,0.0,0.0
1227138271.0,1,1,0,0,1.0,0.0,9.0,0.0,3.0
1227657587.0,1,1,0,0,1.0,0.0,4.0,0.0,1.0
1227672145.0,1,1,0,0,1.0,0.0,11.0,0.0,1.0
1227972680.0,1,0,1,0,0.0,1.0,14.0,0.0,2.0
1228138873.0,1,1,0,0,1.0,0.0,7.0,0.0,2.0
1228335177.0,1,1,0,0,1.0,0.0,16.0,1.0,1.0
1228537665.0,1,1,0,0,1.0,0.0,15.0,1.0,0.0
1228920373.0,1,1,0,0,1.0,0.0,16.0,1.0,1.0
1229017147.0,1,1,0,0,1.0,0.0,1.0,0.0,0.0
1229166526.0,1,0,1,0,0.0,1.0,16.0,1.0,0.0
1230970487.0,1,1,0,0,1.0,0.0,8.0,0.0,0.0
1231021967.0,1,0,1,0,0.0,1.0,7.0,0.0,1.0
1231295133.0,1,1,0,0,1.0,0.0,6.0,0.0,0.0
1232232319.0,1,1,0,0,1.0,0.0,11.0,0.0,0.0
1232267740.0,1,0,1,0,0.0,1.0,11.0,0.0,0.0
1232686580.0,1,0,1,0,0.0,1.0,13.0,0.0,3.0
1233989483.0,1,0,1,0,0.0,1.0,12.0,0.0,0.0
1234033406.0,1,1,0,0,1.0,0.0,8.0,1.0,0.0
1235116470.0,1,1,0,0,1.0,0.0,3.0,0.0,2.0
1235672527.0,1,1,0,0,1.0,0.0,4.0,0.0,1.0
1236459608.0,1,1,0,0,1.0,0.0,14.0,0.0,0.0
1237931741.0,1,0,1,0,0.0,1.0,18.0,1.0,2.0
1237953572.0,1,1,0,0,1.0,0.0,8.0,0.0,2.0
1240520080.0,2,2,0,0,1.0,0.0,7.0,0.0,3.0
1240783267.0,1,1,0,0,1.0,0.0,18.0,1.0,0.0
1241267668.0,2,2,0,0,1.0,0.0,15.0,1.0,0.0
1241377663.0,1,0,0,1,0.0,0.0,,0.0,2.0
1242116789.0,1,1,0,0,1.0,0.0,6.0,0.0,0.0
1242427685.0,1,1,0,0,1.0,0.0,7.0,0.0,0.0
1242809231.0,1,1,0,0,1.0,0.0,1.0,0.0,3.0
1243607128.0,1,0,1,0,0.0,1.0,8.0,0.0,0.0
1243882198.0,1,1,0,0,1.0,0.0,21.0,1.0,2.0
1244521992.0,1,0,1,0,0.0,1.0,12.0,0.0,3.0
1244706283.0,1,1,0,0,1.0,0.0,16.0,1.0,0.0
1244897073.0,1,0,1,0,0.0,1.0,13.0,0.0,0.0
1244969434.0,1,1,0,0,1.0,0.0,5.0,0.0,2.0
1245427913.0,1,1,0,0,1.0,0.0,6.0,1.0,0.0
1245466165.0,1,1,0,0,1.0,0.0,5.0,0.0,3.0
1245747654.0,1,1,0,0,1.0,0.0,30.0,1.0,0.0
1246143422.0,1,1,0,0,1.0,0.0,6.0,0.0,1.0
1246338379.0,1,1,0,0,1.0,0.0,15.0,1.0,0.0
1246354029.0,1,1,0,0,1.0,0.0,10.0,0.0,3.0
1246411182.0,1,0,0,1,0.0,0.0,,0.0,2.0
1246762770.0,1,1,0,0,1.0,0.0,7.0,0.0,2.0
1247561386.0,1,1,0,0,1.0,0.0,4.0,0.0,0.0
1247591882.0,1,0,1,0,0.0,1.0,17.0,1.0,3.0
1247808890.0,1,1,0,0,1.0,0.0,22.0,1.0,2.0
1248084694.0,1,1,0,0,1.0,0.0,0.0,0.0,0.0
1248210173.0,1,1,0,0,1.0,0.0,8.0,0.0,1.0
1248673474.0,1,0,1,0,0.0,1.0,17.0,1.0,0.0
1249121481.0,1,0,1,0,0.0,1.0,1.0,0.0,1.0
1250442727.0,1,0,1,0,0.0,1.0,1.0,0.0,0.0
1250936731.0,1,1,0,0,1.0,0.0,18.0,1.0,0.0
1251427533.0,1,0,1,0,0.0,1.0,11.0,0.0,1.0
1251546246.0,1,0,0,1,0.0,0.0,,0.0,3.0
1251559183.0,1,1,0,0,1.0,0.0,8.0,0.0,0.0
1252185927.0,1,1,0,0,1.0,0.0,13.0,0.0,0.0
1252244227.0,1,0,1,0,0.0,1.0,15.0,1.0,2.0
1252508980.0,1,0,1,0,0.0,1.0,2.0,0.0,0.0
1253395898.0,1,0,1,0,0.0,1.0,7.0,0.0,1.0
1253691204.0,1,1,0,0,1.0,0.0,13.0,0.0,1.0
1254395898.0,1,0,0,1,0.0,0.0,,0.0,3.0
1256362776.0,1,1,0,0,1.0,0.0,5.0,0.0,0.0
1256867768.0,1,1,0,0,1.0,0.0,17.0,1.0,2.0
1257328295.0,1,1,0,0,1.0,0.0,7.0,1.0,1.0
1258634092.0,1,0,1,0,0.0,1.0,10.0,0.0,0.0
1258716619.0,1,1,0,0,1.0,0.0,3.0,0.0,0.0
1258905637.0,1,0,1,0,0.0,1.0,18.0,1.0,0.0
1260637550.0,1,1,0,0,1.0,0.0,4.0,1.0,0.0
1261255268.0,1,1,0,0,1.0,0.0,12.0,0.0,0.0
1261592004.0,1,1,0,0,1.0,0.0,3.0,0.0,2.0
1261739179.0,1,1,0,0,1.0,0.0,16.0,1.0,2.0
1261764300.0,1,0,1,0,0.0,1.0,2.0,0.0,0.0
1263194196.0,1,1,0,0,1.0,0.0,8.0,0.0,1.0
1263200597.0,1,1,0,0,1.0,0.0,21.0,1.0,3.0
1263598224.0,1,1,0,0,1.0,0.0,3.0,0.0,0.0
1263761832.0,1,1,0,0,1.0,0.0,14.0,0.0,2.0
1264220903.0,1,1,0,0,1.0,0.0,4.0,0.0,0.0
1264902491.0,1,1,0,0,1.0,0.0,8.0,0.0,1.0
1265954534.0,1,0,1,0,0.0,1.0,0.0,0.0,0.0
1266507735.0,1,1,0,0,1.0,0.0,2.0,0.0,0.0
1266906131.0,1,0,1,0,0.0,1.0,12.0,0.0,2.0
1266929307.0,1,1,0,0,1.0,0.0,5.0,0.0,3.0
1267386584.0,1,0,0,1,0.0,0.0,,0.0,0.0
1268109277.0,1,0,1,0,0.0,1.0,9.0,0.0,1.0
1268416400.0,1,1,0,0,1.0,0.0,5.0,0.0,2.0
1269251601.0,1,1,0,0,1.0,0.0,10.0,0.0,0.0
1269772884.0,1,1,0,0,1.0,0.0,3.0,0.0,0.0
1271961262.0,1,0,1,0,0.0,1.0,14.0,0.0,2.0
1272213755.0,1,0,1,0,0.0,1.0,7.0,0.0,3.0
1272282407.0,1,1,0,0,1.0,0.0,9.0,0.0,0.0
1272473509.0,1,0,0,1,0.0,0.0,,0.0,0.0
1272708589.0,2,0,2,0,0.0,1.0,16.0,1.0,0.0
1274572249.0,1,1,0,0,1.0,0.0,3.0,0.0,0.0
1275914521.0,1,1,0,0,1.0,0.0,8.0,0.0,2.0
1276323973.0,1,1,0,0,1.0,0.0,1.0,0.0,2.0
1278140635.0,1,0,1,0,0.0,1.0,9.0,0.0,0.0
1278526293.0,2,2,0,0,1.0,0.0,6.0,0.0,0.0
1278766780.0,1,1,0,0,1.0,0.0,23.0,1.0,0.0
1279034397.0,1,1,0,0,1.0,0.0,15.0,1.0,0.0
1279261274.0,1,1,0,0,1.0,0.0,11.0,0.0,2.0
1279295176.0,1,0,1,0,0.0,1.0,13.0,0.0,3.0
1279340512.0,1,0,1,0,0.0,1.0,7.0,0.0,0.0
1280288446.0,1,1,0,0,1.0,0.0,7.0,0.0,1.0
1280447843.0,1,1,0,0,1.0,0.0,12.0,0.0,2.0
1280604517.0,1,0,0,1,0.0,0.0,,0.0,0.0
1280747548.0,1,0,0,1,0.0,0.0,,0.0,0.0
1280770699.0,1,1,0,0,1.0,0.0,12.0,0.0,0.0
1281266355.0,1,0,1,0,0.0,1.0,8.0,0.0,0.0
1281456372.0,1,1,0,0,1.0,0.0,6.0,0.0,0.0
1281470657.0,1,1,0,0,1.0,0.0,8.0,0.0,0.0
1281765406.0,1,0,1,0,0.0,1.0,14.0,0.0,3.0
1282590211.0,1,0,0,1,0.0,0.0,,0.0,1.0
1283688651.0,1,1,0,0,1.0,0.0,15.0,1.0,2.0
1284273713.0,1,1,0,0,1.0,0.0,9.0,0.0,0.0
1284368476.0,1,1,0,0,1.0,0.0,19.0,1.0,2.0
1284435513.0,1,0,1,0,0.0,1.0,10.0,0.0,0.0
1284559424.0,1,1,0,0,1.0,0.0,9.0,0.0,0.0
1284727241.0,1,0,1,0,0.0,1.0,8.0,0.0,0.0
1286271604.0,1,0,1,0,0.0,1.0,13.0,0.0,2.0
1286342491.0,1,1,0,0,1.0,0.0,17.0,1.0,0.0
1286435537.0,1,0,1,0,0.0,1.0,8.0,0.0,0.0
1286550281.0,1,1,0,0,1.0,0.0,2.0,0.0,0.0
1287905718.0,1,1,0,0,1.0,0.0,3.0,0.0,2.0
1288303763.0,1,1,0,0,1.0,0.0,0.0,0.0,2.0
1288661580.0,1,0,1,0,0.0,1.0,1.0,0.0,0.0
1289511882.0,1,1,0,0,1.0,0.0,12.0,0.0,1.0
1289892590.0,1,1,0,0,1.0,0.0,22.0,1.0,3.0
1289946978.0,1,1,0,0,1.0,0.0,15.0,1.0,0.0
1290944366.0,1,0,0,1,0.0,0.0,,0.0,0.0
1291831410.0,1,1,0,0,1.0,0.0,6.0,0.0,0.0
1292005025.0,1,1,0,0,1.0,0.0,7.0,1.0,0.0
1292098378.0,1,0,1,0,0.0,1.0,11.0,0.0,0.0
1294230576.0,1,1,0,0,1.0,0.0,11.0,0.0,1.0
1294924731.0,1,0,1,0,0.0,1.0,3.0,0.0,3.0
1296595381.0,1,0,1,0,0.0,1.0,11.0,0.0,0.0
1296790334.0,1,1,0,0,1.0,0.0,5.0,0.0,3.0
1297025281.0,1,1,0,0,1.0,0.0,12.0,0.0,2.0
1297191040.0,1,0,1,0,0.0,1.0,20.0,1.0,1.0
1297317874.0,1,0,1,0,0.0,1.0,9.0,0.0,0.0
1298197946.0,1,1,0,0,1.0,0.0,9.0,0.0,0.0
1298216494.0,1,1,0,0,1.0,0.0,15.0,1.0,0.0
1298505658.0,1,0,0,1,0.0,0.0,,0.0,0.0
1298931379.0,1,0,1,0,0.0,1.0,9.0,0.0,0.0
1299164392.0,1,1,0,0,1.0,0.0,19.0,1.0,1.0
1300131521.0,1,0,1,0,0.0,1.0,12.0,0.0,0.0
1300190817.0,1,0,0,1,0.0,0.0,,0.0,2.0
1301022378.0,1,0,0,1,0.0,0.0,,0.0,0.0
1301594950.0,1,0,0,1,0.0,0.0,,0.0,0.0
1302246276.0,1,1,0,0,1.0,0.0,20.0,1.0,0.0
1303246874.0,1,0,1,0,0.0,1.0,13.0,0.0,0.0
1304809065.0,1,0,0,1,0.0,0.0,,0.0,0.0
1305140462.0,1,1,0,0,1.0,0.0,9.0,0.0,1.0
1307407603.0,1,1,0,0,1.0,0.0,1.0,0.0,1.0
1309385984.0,1,0,0,1,0.0,0.0,,0.0,3.0
1310902882.0,1,1,0,0,1.0,0.0,13.0,0.0,0.0
1310975650.0,2,0,2,0,0.0,1.0,6.0,0.0,3.0
1311241550.0,1,0,1,0,0.0,1.0,1.0,0.0,1.0
1311382571.0,1,1,0,0,1.0,0.0,0.0,0.0,3.0
1311571124.0,1,1,0,0,1.0,0.0,11.0,0.0,0.0
1311759655.0,1,0,1,0,0.0,1.0,15.0,1.0,0.0
1311804429.0,1,0,0,1,0.0,0.0,,0.0,0.0
1314250212.0,1,0,1,0,0.0,1.0,8.0,0.0,0.0
1314637009.0,1,0,0,1,0.0,0.0,,0.0,0.0
1314826737.0,1,1,0,0,1.0,0.0,11.0,0.0,1.0
1314984009.0,2,2,0,0,1.0,0.0,10.0,0.0,2.0
1315902699.0,1,1,0,0,1.0,0.0,6.0,0.0,3.0
1316230872.0,1,1,0,0,1.0,0.0,14.0,0.0,0.0
1316299493.0,1,0,0,1,0.0,0.0,,0.0,2.0
1317065263.0,1,1,0,0,1.0,0.0,1.0,0.0,0.0
1317082530.0,1,1,0,0,1.0,0.0,20.0,1.0,0.0
1317710654.0,1,1,0,0,1.0,0.0,11.0,0.0,0.0
1318008037.0,1,1,0,0,1.0,0.0,21.0,1.0,0.0
1320269277.0,1,0,1,0,0.0,1.0,10.0,0.0,0.0
1320662421.0,1,0,1,0,0.0,1.0,9.0,0.0,3.0
1320664283.0,1,0,1,0,0.0,1.0,16.0,1.0,0.0
1321028573.0,1,1,0,0,1.0,0.0,10.0,0.0,2.0
1322174716.0,1,1,0,0,1.0,0.0,11.0,0.0,0.0
1323281013.0,1,0,1,0,0.0,1.0,11.0,0.0,0.0
1323355277.0,1,1,0,0,1.0,0.0,4.0,0.0,0.0
1323641391.0,1,1,0,0,1.0,0.0,10.0,0.0,1.0
1324064453.0,1,0,1,0,0.0,1.0,14.0,0.0,0.0
1325249781.0,1,1,0,0,1.0,0.0,4.0,0.0,0.0
1325920677.0,1,0,1,0,0.0,1.0,22.0,1.0,3.0
1326361866.0,1,0,0,1,0.0,0.0,,0.0,0.0
1326704115.0,1,1,0,0,1.0,0.0,5.0,0.0,0.0
1327459024.0,1,0,1,0,0.0,1.0,9.0,0.0,0.0
1328113563.0,1,0,1,0,0.0,1.0,8.0,0.0,0.0
1328232583.0,1,1,0,0,1.0,0.0,2.0,0.0,0.0
1328639206.0,1,1,0,0,1.0,0.0,30.0,1.0,2.0
1329480432.0,1,0,1,0,0.0,1.0,4.0,0.0,3.0
1329595404.0,1,1,0,0,1.0,0.0,8.0,0.0,0.0
1330254548.0,1,1,0,0,1.0,0.0,8.0,0.0,1.0
1330365249.0,1,1,0,0,1.0,0.0,14.0,0.0,1.0
1330392987.0,1,0,0,1,0.0,0.0,,0.0,0.0
1331272942.0,1,1,0,0,1.0,0.0,10.0,0.0,0.0
1331587450.0,1,0,1,0,0.0,1.0,11.0,0.0,0.0
1331931951.0,1,1,0,0,1.0,0.0,13.0,0.0,0.0
1332485126.0,1,0,1,0,0.0,1.0,9.0,0.0,0.0
1332501228.0,2,0,2,0,0.0,1.0,7.0,0.0,0.0
1333143958.0,1,0,1,0,0.0,1.0,9.0,0.0,0.0
1333587432.0,1,1,0,0,1.0,0.0,7.0,0.0,0.0
1334155985.0,1,1,0,0,1.0,0.0,13.0,0.0,3.0
1334236055.0,1,1,0,0,1.0,0.0,17.0,1.0,0.0
1334662912.0,1,1,0,0,1.0,0.0,9.0,0.0,0.0
1335000569.0,1,1,0,0,1.0,0.0,4.0,0.0,3.0
1335195884.0,1,1,0,0,1.0,0.0,8.0,0.0,0.0
1335734317.0,1,1,0,0,1.0,0.0,18.0,1.0,1.0
1336188413.0,1,1,0,0,1.0,0.0,13.0,0.0,2.0
1336411662.0,1,0,1,0,0.0,1.0,0.0,0.0,2.0
1336912259.0,1,1,0,0,1.0,0.0,6.0,1.0,3.0
1337041205.0,1,1,0,0,1.0,0.0,7.0,0.0,2.0
1337323468.0,1,0,0,1,0.0,0.0,,0.0,0.0
1337340106.0,1,0,1,0,0.0,1.0,13.0,0.0,3.0
1337969309.0,1,1,0,0,1.0,0.0,11.0,0.0,1.0
1338030564.0,1,0,1,0,0.0,1.0,1.0,0.0,0.0
1339098611.0,1,1,0,0,1.0,0.0,4.0,0.0,3.0
1339184576.0,1,0,1,0,0.0,1.0,15.0,1.0,0.0
1339652657.0,1,0,0,1,0.0,0.0,,0.0,0.0
1339801691.0,1,1,0,0,1.0,0.0,1.0,0.0,1.0
1340409458.0,1,0,1,0,0.0,1.0,16.0,1.0,0.0
1340689113.0,1,1,0,0,1.0,0.0,13.0,0.0,1.0
1340735500.0,1,0,0,1,0.0,0.0,,0.0,0.0
1341582088.0,1,1,0,0,1.0,0.0,15.0,1.0,2.0
1341975046.0,1,1,0,0,1.0,0.0,2.0,0.0,0.0
1343042322.0,1,1,0,0,1.0,0.0,5.0,1.0,3.0
1343278179.0,1,0,1,0,0.0,1.0,5.0,0.0,2.0
1343353993.0,1,0,1,0,0.0,1.0,7.0,0.0,0.0
1343432832.0,1,1,0,0,1.0,0.0,11.0,0.0,3.0
1343523638.0,1,1,0,0,1.0,0.0,10.0,0.0,0.0
1344010699.0,1,1,0,0,1.0,0.0,6.0,1.0,0.0
1344684596.0,1,0,1,0,0.0,1.0,1.0,0.0,1.0
1344881885.0,1,1,0,0,1.0,0.0,17.0,1.0,0.0
1344999417.0,1,0,1,0,0.0,1.0,5.0,0.0,0.0
1345541037.0,1,1,0,0,1.0,0.0,11.0,0.0,1.0
1345746278.0,1,1,0,0,1.0,0.0,7.0,0.0,2.0
1345976960.0,1,1,0,0,1.0,0.0,9.0,0.0,0.0
1347368280.0,1,1,0,0,1.0,0.0,5.0,1.0,0.0
1349083890.0,1,1,0,0,1.0,0.0,7.0,0.0,0.0
1350478056.0,1,0,0,1,0.0,0.0,,0.0,1.0
1351162185.0,1,0,1,0,0.0,1.0,14.0,0.0,2.0
1351607427.0,1,1,0,0,1.0,0.0,5.0,0.0,0.0
1351651760.0,1,1,0,0,1.0,0.0,18.0,1.0,0.0
1352180814.0,1,1,0,0,1.0,0.0,6.0,0.0,0.0
1352713312.0,1,0,0,1,0.0,0.0,,0.0,0.0
1353078012.0,1,1,0,0,1.0,0.0,23.0,1.0,0.0
1355065937.0,1,0,1,0,0.0,1.0,6.0,0.0,0.0
1355512652.0,1,1,0,0,1.0,0.0,5.0,0.0,0.0
1355560442.0,1,1,0,0,1.0,0.0,10.0,0.0,0.0
1356640201.0,1,0,0,1,0.0,0.0,,0.0,0.0
1357042649.0,1,0,1,0,0.0,1.0,5.0,0.0,1.0
1357090204.0,1,1,0,0,1.0,0.0,18.0,1.0,2.0
1357100947.0,1,0,1,0,0.0,1.0,17.0,1.0,0.0
1357943111.0,1,1,0,0,1.0,0.0,10.0,0.0,3.0
1358772164.0,1,1,0,0,1.0,0.0,8.0,0.0,3.0
1359015500.0,1,0,0,1,0.0,0.0,,0.0,2.0
1359397074.0,1,1,0,0,1.0,0.0,8.0,0.0,0.0
1360153305.0,1,1,0,0,1.0,0.0,3.0,0.0,0.0
1360571193.0,1,0,1,0,0.0,1.0,0.0,0.0,0.0
1361014996.0,1,1,0,0,1.0,0.0,1.0,0.0,3.0
1361217878.0,1,0,0,1,0.0,0.0,,0.0,0.0
1361619609.0,1,0,0,1,0.0,0.0,,0.0,1.0
1361692216.0,1,1,0,0,1.0,0.0,6.0,1.0,0.0
1361692539.0,1,1,0,0,1.0,0.0,5.0,0.0,0.0
1362378463.0,1,0,0,1,0.0,0.0,,0.0,0.0
1362452944.0,1,1,0,0,1.0,0.0,14.0,0.0,0.0
1362878346.0,1,1,0,0,1.0,0.0,28.0,1.0,0.0
1363957437.0,1,1,0,0,1.0,0.0,13.0,0.0,0.0
1364022782.0,1,1,0,0,1.0,0.0,16.0,1.0,1.0
1364722092.0,1,0,1,0,0.0,1.0,12.0,0.0,3.0
1367356583.0,1,1,0,0,1.0,0.0,24.0,1.0,0.0
1367389034.0,1,1,0,0,1.0,0.0,9.0,0.0,0.0
1368240929.0,1,0,1,0,0.0,1.0,15.0,1.0,3.0
1368293615.0,1,0,1,0,0.0,1.0,1.0,0.0,1.0
1368356540.0,1,1,0,0,1.0,0.0,14.0,0.0,0.0
1368490482.0,1,0,1,0,0.0,1.0,5.0,0.0,0.0
1369096762.0,1,0,0,1,0.0,0.0,,0.0,0.0
1369264524.0,1,0,1,0,0.0,1.0,7.0,0.0,0.0
1369753568.0,1,0,1,0,0.0,1.0,20.0,1.0,2.0
1370379806.0,1,0,1,0,0.0,1.0,3.0,0.0,0.0
1370507544.0,1,0,1,0,0.0,1.0,3.0,0.0,2.0
1370700043.0,1,1,0,0,1.0,0.0,8.0,0.0,0.0
1370709567.0,1,0,0,1,0.0,0.0,,0.0,2.0
1371034102.0,1,1,0,0,1.0,0.0,8.0,0.0,3.0
1375393536.0,1,1,0,0,1.0,0.0,8.0,0.0,0.0
1375766515.0,1,1,0,0,1.0,0.0,17.0,1.0,1.0
1375860711.0,1,0,1,0,0.0,1.0,8.0,0.0,0.0
1376369160.0,1,0,1,0,0.0,1.0,11.0,0.0,1.0
1376453815.0,1,1,0,0,1.0,0.0,18.0,1.0,0.0
1376492553.0,1,0,0,1,0.0,0.0,,0.0,1.0
1376641884.0,1,1,0,0,1.0,0.0,0.0,0.0,0.0
1377220696.0,1,0,1,0,0.0,1.0,24.0,1.0,0.0
1377626079.0,1,1,0,0,1.0,0.0,16.0,1.0,3.0
1377843683.0,1,1,0,0,1.0,0.0,2.0,0.0,0.0
1377865936.0,1,1,0,0,1.0,0.0,8.0,0.0,3.0
1379385518.0,1,1,0,0,1.0,0.0,13.0,0.0,0.0
1380594270.0,1,0,1,0,0.0,1.0,9.0,0.0,2.0
1380687949.0,1,1,0,0,1.0,0.0,8.0,0.0,0.0
1380787559.0,1,1,0,0,1.0,0.0,2.0,0.0,0.0
1381465568.0,1,1,0,0,1.0,0.0,4.0,1.0,2.0
1382257456.0,1,1,0,0,1.0,0.0,0.0,0.0,0.0
1383613965.0,1,1,0,0,1.0,0.0,13.0,0.0,0.0
1384666856.0,1,0,1,0,0.0,1.0,12.0,0.0,0.0
1385052747.0,1,0,1,0,0.0,1.0,11.0,0.0,0.0
1385646751.0,1,1,0,0,1.0,0.0,7.0,0.0,0.0
1385774293.0,1,1,0,0,1.0,0.0,3.0,0.0,0.0
1385890027.0,1,1,0,0,1.0,0.0,7.0,0.0,0.0
1386788203.0,1,0,1,0,0.0,1.0,20.0,1.0,0.0
1387589664.0,1,1,0,0,1.0,0.0,11.0,0.0,0.0
1387905702.0,1,0,1,0,0.0,1.0,15.0,1.0,0.0
1387992204.0,1,1,0,0,1.0,0.0,5.0,0.0,0.0
1388040535.0,1,1,0,0,1.0,0.0,12.0,0.0,0.0
1388052254.0,1,1,0,0,1.0,0.0,6.0,0.0,0.0
1388100602.0,1,1,0,0,1.0,0.0,15.0,1.0,0.0
1388134269.0,1,1,0,0,1.0,0.0,4.0,0.0,0.0
1389160916.0,1,0,1,0,0.0,1.0,12.0,0.0,2.0
1389197013.0,1,1,0,0,1.0,0.0,15.0,1.0,3.0
1389300767.0,1,1,0,0,1.0,0.0,4.0,1.0,0.0
1390059464.0,1,1,0,0,1.0,0.0,2.0,0.0,2.0
1390062213.0,1,1,0,0,1.0,0.0,18.0,1.0,3.0
1391190925.0,1,1,0,0,1.0,0.0,11.0,0.0,0.0
1391227997.0,1,1,0,0,1.0,0.0,8.0,0.0,3.0
1391466833.0,1,1,0,0,1.0,0.0,5.0,1.0,0.0
1392027229.0,1,1,0,0,1.0,0.0,2.0,0.0,3.0
1392177513.0,1,1,0,0,1.0,0.0,1.0,0.0,0.0
1392395283.0,1,0,1,0,0.0,1.0,7.0,0.0,2.0
1393027849.0,1,1,0,0,1.0,0.0,7.0,0.0,3.0
1393099429.0,1,0,0,1,0.0,0.0,,0.0,0.0
1393338057.0,1,1,0,0,1.0,0.0,9.0,0.0,0.0
1393365096.0,1,1,0,0,1.0,0.0,10.0,0.0,0.0
1393389299.0,1,1,0,0,1.0,0.0,3.0,0.0,1.0
1394062251.0,1,1,0,0,1.0,0.0,11.0,0.0,0.0
1394228108.0,1,1,0,0,1.0,0.0,2.0,0.0,2.0
1394310966.0,1,1,0,0,1.0,0.0,2.0,0.0,0.0
1395395612.0,1,1,0,0,1.0,0.0,0.0,0.0,2.0
1395423625.0,1,1,0,0,1.0,0.0,7.0,0.0,0.0
1395842523.0,1,1,0,0,1.0,0.0,9.0,0.0,0.0
1396546237.0,1,1,0,0,1.0,0.0,6.0,0.0,0.0
1397126253.0,1,0,0,1,0.0,0.0,,0.0,0.0
1397466900.0,1,1,0,0,1.0,0.0,5.0,0.0,0.0
1398866824.0,1,1,0,0,1.0,0.0,17.0,1.0,0.0
1398971457.0,1,1,0,0,1.0,0.0,1.0,0.0,0.0
1399411961.0,1,1,0,0,1.0,0.0,15.0,1.0,2.0
1400309710.0,1,0,1,0,0.0,1.0,14.0,0.0,0.0
1401603620.0,1,0,1,0,0.0,1.0,10.0,0.0,1.0
1402067919.0,1,0,0,1,0.0,0.0,,0.0,1.0
1403488012.0,1,1,0,0,1.0,0.0,15.0,1.0,0.0
1403786283.0,1,0,1,0,0.0,1.0,6.0,0.0,3.0
1404359253.0,1,1,0,0,1.0,0.0,24.0,1.0,0.0
1404406793.0,1,0,1,0,0.0,1.0,1.0,0.0,2.0
1404660087.0,1,1,0,0,1.0,0.0,14.0,0.0,0.0
1405090164.0,1,1,0,0,1.0,0.0,15.0,1.0,1.0
1405151744.0,1,1,0,0,1.0,0.0,13.0,0.0,0.0
1405298507.0,1,0,1,0,0.0,1.0,2.0,0.0,2.0
1406222217.0,1,0,1,0,0.0,1.0,13.0,0.0,0.0
1406292784.0,1,1,0,0,1.0,0.0,14.0,0.0,0.0
1407443727.0,1,0,1,0,0.0,1.0,12.0,0.0,2.0
1407545843.0,1,1,0,0,1.0,0.0,21.0,1.0,3.0
1407794668.0,1,1,0,0,1.0,0.0,18.0,1.0,0.0
1408431672.0,1,1,0,0,1.0,0.0,6.0,1.0,0.0
1411380052.0,1,0,1,0,0.0,1.0,13.0,0.0,3.0
1411553554.0,1,0,1,0,0.0,1.0,2.0,0.0,0.0
1411726312.0,1,1,0,0,1.0,0.0,2.0,0.0,3.0
1411777031.0,1,0,1,0,0.0,1.0,8.0,0.0,0.0
1412118437.0,1,0,1,0,0.0,1.0,11.0,0.0,0.0
1412883052.0,1,1,0,0,1.0,0.0,37.0,1.0,2.0
1413295063.0,1,1,0,0,1.0,0.0,0.0,0.0,2.0
1413341384.0,1,1,0,0,1.0,0.0,0.0,0.0,1.0
1413360392.0,1,1,0,0,1.0,0.0,11.0,0.0,0.0
1413910434.0,1,1,0,0,1.0,0.0,9.0,0.0,3.0
1414045231.0,2,2,0,0,1.0,0.0,11.0,0.0,0.0
1414506889.0,1,1,0,0,1.0,0.0,16.0,1.0,3.0
1414981030.0,1,0,1,0,0.0,1.0,5.0,0.0,0.0
1415045050.0,1,1,0,0,1.0,0.0,7.0,0.0,0.0
1415359560.0,1,1,0,0,1.0,0.0,8.0,0.0,0.0
1415495857.0,1,0,1,0,0.0,1.0,2.0,0.0,2.0
1415978779.0,1,1,0,0,1.0,0.0,11.0,0.0,0.0
1416419119.0,1,1,0,0,1.0,0.0,15.0,1.0,0.0
1416694133.0,1,1,0,0,1.0,0.0,9.0,0.0,0.0
1417262556.0,1,1,0,0,1.0,0.0,7.0,0.0,0.0
1417688258.0,1,1,0,0,1.0,0.0,21.0,1.0,3.0
1418412150.0,1,1,0,0,1.0,0.0,16.0,1.0,2.0
1418550458.0,1,1,0,0,1.0,0.0,3.0,0.0,1.0
1419652036.0,1,1,0,0,1.0,0.0,2.0,0.0,1.0
1419678660.0,1,1,0,0,1.0,0.0,3.0,0.0,0.0
1419995557.0,1,1,0,0,1.0,0.0,3.0,0.0,1.0
1420084249.0,2,0,2,0,0.0,1.0,7.0,0.0,3.0
1420482140.0,1,0,1,0,0.0,1.0,2.0,0.0,0.0
1421025763.0,1,1,0,0,1.0,0.0,12.0,0.0,0.0
1421354849.0,1,1,0,0,1.0,0.0,4.0,1.0,0.0
1421559735.0,1,1,0,0,1.0,0.0,6.0,0.0,2.0
1422367647.0,1,1,0,0,1.0,0.0,8.0,0.0,0.0
1422383448.0,1,1,0,0,1.0,0.0,1.0,0.0,1.0
1422544602.0,1,1,0,0,1.0,0.0,9.0,0.0,3.0
1422550987.0,1,0,1,0,0.0,1.0,8.0,0.0,2.0
1423574194.0,1,1,0,0,1.0,0.0,5.0,1.0,2.0
1423928934.0,1,1,0,0,1.0,0.0,8.0,0.0,0.0
1426268529.0,1,0,1,0,0.0,1.0,1.0,0.0,3.0
1426934684.0,1,0,0,1,0.0,0.0,,0.0,2.0
1427090838.0,1,0,1,0,0.0,1.0,12.0,0.0,0.0
1427924341.0,1,1,0,0,1.0,0.0,14.0,0.0,0.0
1428368094.0,1,0,0,1,0.0,0.0,,0.0,0.0
1431410694.0,1,0,1,0,0.0,1.0,10.0,0.0,2.0
1431464509.0,1,0,1,0,0.0,1.0,6.0,1.0,0.0
1431517056.0,1,0,1,0,0.0,1.0,1.0,0.0,0.0
1432058435.0,1,0,0,1,0.0,0.0,,0.0,0.0
1432143406.0,1,1,0,0,1.0,0.0,3.0,0.0,3.0
1432488161.0,1,0,0,1,0.0,0.0,,0.0,0.0
1432529703.0,1,0,1,0,0.0,1.0,6.0,0.0,3.0
1432758346.0,1,1,0,0,1.0,0.0,3.0,0.0,1.0
1433329969.0,1,0,1,0,0.0,1.0,11.0,0.0,1.0
1434435321.0,1,1,0,0,1.0,0.0,9.0,0.0,0.0
1436303421.0,1,1,0,0,1.0,0.0,14.0,0.0,0.0
1436363701.0,1,1,0,0,1.0,0.0,21.0,1.0,1.0
1436648492.0,2,0,2,0,0.0,1.0,6.0,0.0,1.0
1436823347.0,1,1,0,0,1.0,0.0,2.0,0.0,0.0
1436908626.0,1,1,0,0,1.0,0.0,2.0,0.0,3.0
1437138841.0,1,1,0,0,1.0,0.0,15.0,1.0,0.0
1437602185.0,1,0,1,0,0.0,1.0,21.0,1.0,0.0
1438204819.0,1,1,0,0,1.0,0.0,11.0,0.0,0.0
1438453584.0,1,1,0,0,1.0,0.0,4.0,0.0,0.0
1438523584.0,1,1,0,0,1.0,0.0,5.0,0.0,2.0
1438549212.0,1,1,0,0,1.0,0.0,1.0,0.0,0.0
1438860507.0,1,0,1,0,0.0,1.0,16.0,1.0,0.0
1440236993.0,1,1,0,0,1.0,0.0,23.0,1.0,0.0
1441314104.0,1,1,0,0,1.0,0.0,3.0,0.0,0.0
1441807904.0,1,0,1,0,0.0,1.0,11.0,0.0,0.0
1441873961.0,2,0,2,0,0.0,1.0,9.0,0.0,0.0
1442131997.0,1,0,0,1,0.0,0.0,,0.0,0.0
1442894613.0,1,0,0,1,0.0,0.0,,0.0,1.0
1442897306.0,1,0,1,0,0.0,1.0,1.0,0.0,1.0
1442949768.0,1,1,0,0,1.0,0.0,15.0,1.0,0.0
1443304913.0,1,1,0,0,1.0,0.0,10.0,0.0,0.0
1444084963.0,1,0,1,0,0.0,1.0,10.0,0.0,1.0
1444174541.0,1,0,1,0,0.0,1.0,20.0,1.0,0.0
1445157892.0,1,0,1,0,0.0,1.0,1.0,0.0,0.0
1446820808.0,1,1,0,0,1.0,0.0,10.0,0.0,2.0
1447018123.0,1,1,0,0,1.0,0.0,20.0,1.0,1.0
1447254205.0,2,2,0,0,1.0,0.0,7.0,0.0,0.0
1447438502.0,1,0,0,1,0.0,0.0,,0.0,0.0
1447747110.0,1,0,0,1,0.0,0.0,,0.0,1.0
1448160089.0,1,1,0,0,1.0,0.0,4.0,0.0,2.0
1449941133.0,1,0,0,1,0.0,0.0,,0.0,0.0
1451414155.0,1,1,0,0,1.0,0.0,7.0,0.0,0.0
1451508544.0,1,0,1,0,0.0,1.0,13.0,0.0,0.0
1452086166.0,1,1,0,0,1.0,0.0,11.0,0.0,0.0
1452730054.0,1,0,0,1,0.0,0.0,,0.0,0.0
1453629251.0,1,0,0,1,0.0,0.0,,0.0,3.0
1454159292.0,1,1,0,0,1.0,0.0,9.0,0.0,0.0
1454226382.0,1,1,0,0,1.0,0.0,15.0,1.0,0.0
1454622872.0,1,1,0,0,1.0,0.0,2.0,0.0,0.0
1454883555.0,1,0,1,0,0.0,1.0,9.0,0.0,0.0
1455060735.0,1,0,0,1,0.0,0.0,,0.0,0.0
1455225473.0,1,1,0,0,1.0,0.0,14.0,0.0,1.0
1455799486.0,1,1,0,0,1.0,0.0,3.0,0.0,0.0
1456233381.0,1,1,0,0,1.0,0.0,12.0,0.0,3.0
1456524806.0,1,1,0,0,1.0,0.0,1.0,0.0,0.0
1456715295.0,1,0,1,0,0.0,1.0,5.0,1.0,3.0
1457134940.0,1,1,0,0,1.0,0.0,10.0,0.0,0.0
1457330744.0,1,1,0,0,1.0,0.0,7.0,0.0,0.0
1457365774.0,1,1,0,0,1.0,0.0,7.0,0.0,1.0
1457410164.0,1,1,0,0,1.0,0.0,21.0,1.0,2.0
1458185012.0,1,1,0,0,1.0,0.0,15.0,1.0,0.0
1458565608.0,1,1,0,0,1.0,0.0,26.0,1.0,3.0
1459072360.0,1,1,0,0,1.0,0.0,4.0,0.0,0.0
1459168436.0,1,1,0,0,1.0,0.0,12.0,0.0,0.0
1460429839.0,1,0,1,0,0.0,1.0,11.0,0.0,0.0
1461244432.0,1,0,1,0,0.0,1.0,12.0,1.0,3.0
1461474642.0,1,0,0,1,0.0,0.0,,0.0,1.0
1462552563.0,1,0,0,1,0.0,0.0,,0.0,3.0
1462684380.0,1,1,0,0,1.0,0.0,17.0,1.0,2.0
1463076030.0,1,1,0,0,1.0,0.0,10.0,0.0,0.0
1463494107.0,1,1,0,0,1.0,0.0,3.0,0.0,1.0
1463674817.0,1,0,0,1,0.0,0.0,,0.0,0.0
1464458163.0,1,1,0,0,1.0,0.0,2.0,0.0,2.0
1464756589.0,1,0,1,0,0.0,1.0,1.0,0.0,0.0
1464812580.0,1,0,1,0,0.0,1.0,3.0,0.0,0.0
1465069278.0,1,0,0,1,0.0,0.0,,0.0,0.0
1465431152.0,1,0,0,1,0.0,0.0,,0.0,0.0
1465874307.0,1,0,1,0,0.0,1.0,10.0,0.0,2.0
1466508505.0,1,1,0,0,1.0,0.0,4.0,0.0,0.0
1467116916.0,1,1,0,0,1.0,0.0,2.0,0.0,0.0
1467607922.0,1,1,0,0,1.0,0.0,0.0,0.0,3.0
1467800426.0,1,1,0,0,1.0,0.0,10.0,0.0,0.0
1467901049.0,1,0,1,0,0.0,1.0,15.0,1.0,0.0
1467934061.0,1,1,0,0,1.0,0.0,13.0,0.0,2.0
1468031887.0,1,1,0,0,1.0,0.0,7.0,0.0,2.0
1470348290.0,1,1,0,0,1.0,0.0,3.0,0.0,0.0
1470401394.0,1,1,0,0,1.0,0.0,3.0,0.0,0.0
1470502121.0,1,1,0,0,1.0,0.0,7.0,0.0,0.0
1471060628.0,1,0,0,1,0.0,0.0,,0.0,0.0
1471423594.0,1,0,0,1,0.0,0.0,,0.0,3.0
1471621546.0,1,0,1,0,0.0,1.0,14.0,0.0,0.0
1472041142.0,1,1,0,0,1.0,0.0,14.0,0.0,0.0
1472492405.0,1,1,0,0,1.0,0.0,12.0,0.0,2.0
1472503549.0,1,0,0,1,0.0,0.0,,0.0,0.0
1473926947.0,1,1,0,0,1.0,0.0,6.0,0.0,2.0
1474479679.0,1,1,0,0,1.0,0.0,19.0,1.0,0.0
1475014988.0,1,1,0,0,1.0,0.0,21.0,1.0,1.0
1475065908.0,1,1,0,0,1.0,0.0,16.0,1.0,0.0
1475393115.0,1,1,0,0,1.0,0.0,1.0,0.0,0.0
1475422151.0,1,0,1,0,0.0,1.0,10.0,0.0,0.0
1477015348.0,1,1,0,0,1.0,0.0,3.0,0.0,0.0
1477292121.0,1,1,0,0,1.0,0.0,5.0,0.0,0.0
1477437353.0,1,0,1,0,0.0,1.0,13.0,0.0,2.0
1477482450.0,1,0,1,0,0.0,1.0,11.0,0.0,0.0
1477758203.0,1,1,0,0,1.0,0.0,16.0,1.0,1.0
1478000348.0,1,1,0,0,1.0,0.0,14.0,0.0,0.0
1478147581.0,1,0,1,0,0.0,1.0,3.0,0.0,1.0
1478333867.0,1,1,0,0,1.0,0.0,38.0,1.0,0.0
1478358364.0,1,0,0,1,0.0,0.0,,0.0,0.0
1480827858.0,1,1,0,0,1.0,0.0,10.0,0.0,3.0
1480974939.0,1,1,0,0,1.0,0.0,25.0,1.0,2.0
1481732527.0,1,0,0,1,0.0,0.0,,0.0,1.0
1482687857.0,1,1,0,0,1.0,0.0,3.0,0.0,1.0
1484069996.0,1,0,1,0,0.0,1.0,13.0,0.0,1.0
1484409718.0,1,0,1,0,0.0,1.0,6.0,0.0,0.0
1484728324.0,1,1,0,0,1.0,0.0,14.0,0.0,0.0
1485023862.0,1,0,1,0,0.0,1.0,12.0,0.0,3.0
1485063898.0,1,0,1,0,0.0,1.0,8.0,0.0,0.0
1485105633.0,1,1,0,0,1.0,0.0,9.0,0.0,0.0
1486025718.0,1,0,0,1,0.0,0.0,,0.0,3.0
1486468321.0,1,0,1,0,0.0,1.0,12.0,0.0,0.0
1486562463.0,1,1,0,0,1.0,0.0,6.0,0.0,3.0
1487048847.0,1,1,0,0,1.0,0.0,6.0,0.0,0.0
1487640989.0,1,1,0,0,1.0,0.0,11.0,0.0,3.0
1488244051.0,1,0,0,1,0.0,0.0,,0.0,3.0
1489986684.0,1,1,0,0,1.0,0.0,14.0,0.0,0.0
1490169153.0,1,1,0,0,1.0,0.0,17.0,1.0,0.0
1491954698.0,1,0,1,0,0.0,1.0,1.0,0.0,0.0
1491961018.0,1,1,0,0,1.0,0.0,8.0,0.0,0.0
1493097331.0,1,1,0,0,1.0,0.0,6.0,0.0,0.0
1493728738.0,1,1,0,0,1.0,0.0,5.0,0.0,3.0
1494236674.0,1,0,0,1,0.0,0.0,,0.0,0.0
1494393315.0,1,0,1,0,0.0,1.0,7.0,0.0,0.0
1498168378.0,1,1,0,0,1.0,0.0,25.0,1.0,0.0
1498287264.0,1,1,0,0,1.0,0.0,8.0,0.0,1.0
1498679738.0,1,0,1,0,0.0,1.0,4.0,1.0,1.0
1499855450.0,1,0,1,0,0.0,1.0,4.0,1.0,0.0
1501087325.0,1,1,0,0,1.0,0.0,9.0,0.0,0.0
1501184955.0,1,1,0,0,1.0,0.0,3.0,0.0,1.0
1501634185.0,1,1,0,0,1.0,0.0,1.0,0.0,0.0
1502049183.0,1,0,1,0,0.0,1.0,41.0,1.0,1.0
1502469450.0,1,1,0,0,1.0,0.0,16.0,1.0,0.0
1503193375.0,1,1,0,0,1.0,0.0,16.0,1.0,0.0
1503566775.0,1,0,0,1,0.0,0.0,,0.0,1.0
1503579325.0,1,0,1,0,0.0,1.0,11.0,0.0,0.0
1504554442.0,1,1,0,0,1.0,0.0,17.0,1.0,0.0
1504956196.0,1,1,0,0,1.0,0.0,16.0,1.0,0.0
1505334263.0,1,1,0,0,1.0,0.0,16.0,1.0,0.0
1505702448.0,1,0,1,0,0.0,1.0,4.0,0.0,3.0
1505752029.0,1,1,0,0,1.0,0.0,1.0,0.0,3.0
1505840217.0,1,1,0,0,1.0,0.0,9.0,0.0,0.0
1506017098.0,1,0,0,1,0.0,0.0,,0.0,0.0
1507208610.0,1,0,1,0,0.0,1.0,11.0,0.0,0.0
1507455186.0,1,1,0,0,1.0,0.0,5.0,0.0,2.0
1507503173.0,1,1,0,0,1.0,0.0,11.0,0.0,0.0
1507705735.0,1,0,1,0,0.0,1.0,5.0,1.0,0.0
1507740096.0,1,1,0,0,1.0,0.0,7.0,0.0,0.0
1508143186.0,1,0,1,0,0.0,1.0,3.0,0.0,2.0
1508325871.0,1,0,1,0,0.0,1.0,13.0,0.0,0.0
1508892129.0,1,0,0,1,0.0,0.0,,0.0,0.0
1510711492.0,1,1,0,0,1.0,0.0,5.0,1.0,0.0
1511474421.0,1,1,0,0,1.0,0.0,1.0,0.0,0.0
1512655726.0,1,0,1,0,0.0,1.0,12.0,0.0,0.0
1513916200.0,1,1,0,0,1.0,0.0,14.0,0.0,2.0
1514159913.0,1,1,0,0,1.0,0.0,3.0,0.0,1.0
1514452548.0,1,1,0,0,1.0,0.0,1.0,0.0,1.0
1514681740.0,1,1,0,0,1.0,0.0,15.0,1.0,1.0
1515573251.0,1,1,0,0,1.0,0.0,12.0,0.0,0.0
1516479329.0,1,0,1,0,0.0,1.0,1.0,0.0,3.0
1517942181.0,1,1,0,0,1.0,0.0,6.0,0.0,2.0
1520031287.0,1,1,0,0,1.0,0.0,1.0,0.0,0.0
1520389456.0,1,1,0,0,1.0,0.0,19.0,1.0,2.0
1520449051.0,1,1,0,0,1.0,0.0,12.0,0.0,0.0
1520766556.0,1,1,0,0,1.0,0.0,8.0,0.0,0.0
1521780822.0,1,1,0,0,1.0,0.0,9.0,0.0,0.0
1521815787.0,1,0,1,0,0.0,1.0,2.0,0.0,2.0
1522891883.0,1,1,0,0,1.0,0.0,12.0,0.0,0.0
1523174329.0,1,1,0,0,1.0,0.0,6.0,0.0,2.0
1523511913.0,1,1,0,0,1.0,0.0,23.0,1.0,0.0
1523666311.0,1,1,0,0,1.0,0.0,22.0,1.0,3.0
1524242593.0,1,0,0,1,0.0,0.0,,0.0,0.0
1524909737.0,2,2,0,0,1.0,0.0,11.0,0.0,0.0
1526855697.0,1,1,0,0,1.0,0.0,19.0,1.0,2.0
1527052585.0,1,0,0,1,0.0,0.0,,0.0,0.0
1527950078.0,1,1,0,0,1.0,0.0,13.0,0.0,3.0
1528377687.0,1,1,0,0,1.0,0.0,16.0,1.0,0.0
1529055708.0,1,0,0,1,0.0,0.0,,0.0,3.0
1529207673.0,1,1,0,0,1.0,0.0,1.0,0.0,0.0
1529264828.0,1,0,1,0,0.0,1.0,6.0,0.0,1.0
1529365059.0,1,1,0,0,1.0,0.0,12.0,0.0,0.0
1530328581.0,2,0,0,2,0.0,0.0,,0.0,3.0
1530384749.0,1,1,0,0,1.0,0.0,1.0,0.0,1.0
1531489157.0,1,1,0,0,1.0,0.0,8.0,0.0,1.0
1532059329.0,1,1,0,0,1.0,0.0,9.0,0.0,0.0
1532792177.0,1,1,0,0,1.0,0.0,0.0,0.0,0.0
1532833159.0,1,1,0,0,1.0,0.0,11.0,0.0,0.0
1533787268.0,1,1,0,0,1.0,0.0,12.0,0.0,0.0
1534104983.0,1,1,0,0,1.0,0.0,26.0,1.0,0.0
1534163059.0,1,1,0,0,1.0,0.0,19.0,1.0,0.0
1534635433.0,1,1,0,0,1.0,0.0,8.0,0.0,3.0
1535310560.0,1,1,0,0,1.0,0.0,0.0,0.0,0.0
1535836009.0,1,1,0,0,1.0,0.0,6.0,0.0,3.0
1536109434.0,1,0,1,0,0.0,1.0,4.0,0.0,1.0
1536374037.0,1,1,0,0,1.0,0.0,5.0,0.0,0.0
1537054015.0,1,1,0,0,1.0,0.0,7.0,0.0,0.0
1537265123.0,1,1,0,0,1.0,0.0,17.0,1.0,3.0
1537358413.0,1,1,0,0,1.0,0.0,11.0,0.0,2.0
1538390284.0,1,0,0,1,0.0,0.0,,0.0,1.0
1539267944.0,1,0,0,1,0.0,0.0,,0.0,0.0
1539341628.0,1,1,0,0,1.0,0.0,1.0,0.0,0.0
1539678345.0,1,0,1,0,0.0,1.0,3.0,0.0,2.0
1539875215.0,1,1,0,0,1.0,0.0,14.0,0.0,3.0
1539959174.0,1,0,1,0,0.0,1.0,8.0,0.0,3.0
1540041431.0,1,0,1,0,0.0,1.0,3.0,0.0,0.0
1540158202.0,1,0,1,0,0.0,1.0,4.0,0.0,0.0
1540163453.0,1,1,0,0,1.0,0.0,10.0,0.0,2.0
1540165390.0,1,1,0,0,1.0,0.0,1.0,0.0,0.0
1540971130.0,1,0,1,0,0.0,1.0,13.0,0.0,0.0
1541163314.0,1,1,0,0,1.0,0.0,13.0,0.0,0.0
1541910389.0,2,2,0,0,1.0,0.0,17.0,1.0,1.0
1542360686.0,1,1,0,0,1.0,0.0,4.0,1.0,1.0
1542955841.0,1,1,0,0,1.0,0.0,29.0,1.0,0.0
1543386155.0,1,0,0,1,0.0,0.0,,0.0,2.0
1544126721.0,1,1,0,0,1.0,0.0,8.0,0.0,0.0
1544504046.0,1,1,0,0,1.0,0.0,2.0,0.0,0.0
1546040571.0,1,0,1,0,0.0,1.0,16.0,1.0,0.0
1546480583.0,1,0,0,1,0.0,0.0,,0.0,0.0
1546500071.0,1,1,0,0,1.0,0.0,22.0,1.0,0.0
1546780453.0,1,1,0,0,1.0,0.0,9.0,0.0,0.0
1547155376.0,1,1,0,0,1.0,0.0,18.0,1.0,0.0
1547469238.0,1,1,0,0,1.0,0.0,21.0,1.0,0.0
1547734002.0,1,1,0,0,1.0,0.0,12.0,0.0,0.0
1547876592.0,1,1,0,0,1.0,0.0,26.0,1.0,1.0
1547958794.0,1,1,0,0,1.0,0.0,10.0,0.0,0.0
1548359163.0,1,1,0,0,1.0,0.0,15.0,1.0,3.0
1548381317.0,1,1,0,0,1.0,0.0,6.0,0.0,2.0
1549878406.0,1,1,0,0,1.0,0.0,3.0,0.0,1.0
1550167296.0,1,1,0,0,1.0,0.0,10.0,0.0,0.0
1550642323.0,1,1,0,0,1.0,0.0,6.0,0.0,1.0
1551502280.0,1,0,1,0,0.0,1.0,0.0,0.0,0.0
1552171736.0,1,1,0,0,1.0,0.0,4.0,1.0,0.0
1552182763.0,1,0,0,1,0.0,0.0,,0.0,2.0
1552431684.0,1,1,0,0,1.0,0.0,14.0,0.0,3.0
1553462362.0,1,0,1,0,0.0,1.0,2.0,0.0,3.0
1554331786.0,1,0,1,0,0.0,1.0,9.0,0.0,0.0
1554625245.0,1,1,0,0,1.0,0.0,4.0,0.0,0.0
1554985812.0,1,1,0,0,1.0,0.0,5.0,0.0,0.0
1555593560.0,1,0,0,1,0.0,0.0,,0.0,2.0
1555732294.0,1,1,0,0,1.0,0.0,8.0,0.0,3.0
1555747162.0,1,1,0,0,1.0,0.0,3.0,0.0,0.0
1556032392.0,1,1,0,0,1.0,0.0,4.0,0.0,0.0
1556277149.0,1,0,1,0,0.0,1.0,2.0,0.0,3.0
1557458092.0,1,0,1,0,0.0,1.0,1.0,0.0,2.0
1557519274.0,1,1,0,0,1.0,0.0,1.0,0.0,3.0
1557565511.0,1,0,0,1,0.0,0.0,,0.0,0.0
1557795361.0,1,1,0,0,1.0,0.0,11.0,0.0,0.0
1557957678.0,1,0,0,1,0.0,0.0,,0.0,0.0
1560024990.0,1,0,1,0,0.0,1.0,7.0,0.0,2.0
1560474110.0,1,1,0,0,1.0,0.0,1.0,0.0,0.0
1560704066.0,1,0,1,0,0.0,1.0,13.0,0.0,1.0
1562127536.0,1,1,0,0,1.0,0.0,10.0,0.0,0.0
1563296515.0,2,2,0,0,1.0,0.0,9.0,0.0,0.0
1563368798.0,1,0,1,0,0.0,1.0,14.0,0.0,0.0
1564245292.0,1,0,1,0,0.0,1.0,1.0,0.0,0.0
1564441983.0,1,0,1,0,0.0,1.0,10.0,0.0,2.0
1564635047.0,2,2,0,0,1.0,0.0,1.0,0.0,3.0
1565222846.0,1,1,0,0,1.0,0.0,13.0,1.0,2.0
1565234760.0,1,0,1,0,0.0,1.0,19.0,1.0,0.0
1565362397.0,1,1,0,0,1.0,0.0,12.0,0.0,1.0
1565550719.0,1,1,0,0,1.0,0.0,17.0,1.0,0.0
1566738933.0,1,1,0,0,1.0,0.0,25.0,1.0,3.0
1566966931.0,1,0,1,0,0.0,1.0,9.0,0.0,0.0
1567151182.0,1,1,0,0,1.0,0.0,6.0,0.0,1.0
1567202012.0,1,0,1,0,0.0,1.0,1.0,0.0,0.0
1568977063.0,1,1,0,0,1.0,0.0,17.0,1.0,3.0
1569340481.0,1,1,0,0,1.0,0.0,5.0,0.0,2.0
1569708414.0,1,1,0,0,1.0,0.0,1.0,0.0,0.0
1570833230.0,1,1,0,0,1.0,0.0,16.0,1.0,3.0
1571088480.0,1,1,0,0,1.0,0.0,2.0,0.0,2.0
1572163449.0,1,1,0,0,1.0,0.0,7.0,0.0,2.0
1572850903.0,1,0,0,1,0.0,0.0,,0.0,1.0
1574035449.0,1,1,0,0,1.0,0.0,2.0,0.0,2.0
1574095085.0,1,0,1,0,0.0,1.0,3.0,0.0,0.0
1575651968.0,1,0,1,0,0.0,1.0,13.0,0.0,0.0
1575865359.0,1,0,1,0,0.0,1.0,14.0,0.0,3.0
1577635119.0,1,1,0,0,1.0,0.0,11.0,0.0,0.0
1578160330.0,1,1,0,0,1.0,0.0,10.0,0.0,1.0
1580985885.0,1,1,0,0,1.0,0.0,5.0,1.0,0.0
1581252241.0,1,0,1,0,0.0,1.0,5.0,0.0,0.0
1581858840.0,1,1,0,0,1.0,0.0,22.0,1.0,0.0
1582035759.0,1,0,1,0,0.0,1.0,9.0,0.0,0.0
1583008695.0,1,1,0,0,1.0,0.0,7.0,0.0,0.0
1583638703.0,1,1,0,0,1.0,0.0,9.0,0.0,3.0
1583680314.0,1,1,0,0,1.0,0.0,4.0,1.0,0.0
1583991955.0,1,1,0,0,1.0,0.0,9.0,0.0,0.0
1584062463.0,1,1,0,0,1.0,0.0,11.0,0.0,2.0
1584553601.0,1,0,1,0,0.0,1.0,3.0,0.0,1.0
1584744339.0,1,1,0,0,1.0,0.0,2.0,0.0,3.0
1584952942.0,1,1,0,0,1.0,0.0,14.0,0.0,2.0
1585025443.0,1,0,0,1,0.0,0.0,,0.0,0.0
1585644929.0,1,0,0,1,0.0,0.0,,0.0,0.0
1586162762.0,1,0,1,0,0.0,1.0,12.0,0.0,2.0
1586533847.0,1,0,0,1,0.0,0.0,,0.0,0.0
1586727082.0,1,1,0,0,1.0,0.0,1.0,0.0,2.0
1587079473.0,1,1,0,0,1.0,0.0,3.0,0.0,1.0
1587165725.0,1,1,0,0,1.0,0.0,16.0,1.0,0.0
1589563933.0,1,0,1,0,0.0,1.0,1.0,0.0,0.0
1591564716.0,1,1,0,0,1.0,0.0,2.0,0.0,0.0
1591685190.0,1,0,0,1,0.0,0.0,,0.0,2.0
1592073340.0,1,1,0,0,1.0,0.0,22.0,1.0,3.0
1592500137.0,1,0,0,1,0.0,0.0,,0.0,1.0
1593120356.0,1,0,1,0,0.0,1.0,3.0,0.0,0.0
1593241872.0,1,0,1,0,0.0,1.0,12.0,0.0,2.0
1593298731.0,1,0,1,0,0.0,1.0,19.0,1.0,2.0
1594367619.0,1,1,0,0,1.0,0.0,4.0,0.0,0.0
1594586914.0,1,0,1,0,0.0,1.0,7.0,0.0,0.0
1594867654.0,1,1,0,0,1.0,0.0,23.0,1.0,2.0
1595009638.0,1,1,0,0,1.0,0.0,11.0,0.0,0.0
1596742438.0,1,1,0,0,1.0,0.0,22.0,1.0,0.0
1597349709.0,1,1,0,0,1.0,0.0,15.0,1.0,1.0
1597688104.0,1,1,0,0,1.0,0.0,8.0,0.0,3.0
1599260795.0,1,1,0,0,1.0,0.0,10.0,0.0,2.0
1599904365.0,1,0,1,0,0.0,1.0,1.0,0.0,0.0
1600105055.0,1,1,0,0,1.0,0.0,12.0,0.0,0.0
1601226405.0,1,0,1,0,0.0,1.0,6.0,0.0,3.0
1601363864.0,1,1,0,0,1.0,0.0,1.0,0.0,3.0
1601770522.0,1,1,0,0,1.0,0.0,2.0,0.0,1.0
1602422506.0,1,1,0,0,1.0,0.0,7.0,0.0,0.0
1603044636.0,1,1,0,0,1.0,0.0,4.0,0.0,1.0
1603252460.0,1,1,0,0,1.0,0.0,3.0,0.0,1.0
1603967575.0,1,0,1,0,0.0,1.0,11.0,0.0,0.0
1604111636.0,1,1,0,0,1.0,0.0,6.0,0.0,0.0
1604242096.0,1,1,0,0,1.0,0.0,9.0,0.0,0.0
1604872141.0,1,1,0,0,1.0,0.0,10.0,0.0,3.0
1605039700.0,2,2,0,0,1.0,0.0,1.0,0.0,3.0
1605150626.0,1,0,0,1,0.0,0.0,,0.0,0.0
1605756582.0,1,1,0,0,1.0,0.0,19.0,1.0,0.0
1605891676.0,1,1,0,0,1.0,0.0,10.0,0.0,0.0
1607027465.0,1,1,0,0,1.0,0.0,21.0,1.0,0.0
1607271171.0,1,1,0,0,1.0,0.0,17.0,1.0,1.0
1607571255.0,1,1,0,0,1.0,0.0,4.0,1.0,0.0
1608756510.0,1,0,1,0,0.0,1.0,15.0,1.0,0.0
1609906565.0,1,1,0,0,1.0,0.0,3.0,0.0,0.0
1610563835.0,1,1,0,0,1.0,0.0,9.0,0.0,0.0
1611755164.0,1,1,0,0,1.0,0.0,6.0,0.0,0.0
1612058561.0,1,1,0,0,1.0,0.0,3.0,0.0,0.0
1612229683.0,1,0,1,0,0.0,1.0,6.0,0.0,0.0
1612782851.0,1,1,0,0,1.0,0.0,2.0,0.0,1.0
1612904517.0,2,2,0,0,1.0,0.0,18.0,1.0,0.0
1613582850.0,1,1,0,0,1.0,0.0,9.0,0.0,3.0
1613736678.0,1,0,0,1,0.0,0.0,,0.0,1.0
1614025059.0,1,1,0,0,1.0,0.0,6.0,0.0,0.0
1615611036.0,1,0,0,1,0.0,0.0,,0.0,0.0
1616596018.0,1,0,1,0,0.0,1.0,12.0,0.0,0.0
1617515707.0,1,0,1,0,0.0,1.0,6.0,0.0,0.0
1618259537.0,1,1,0,0,1.0,0.0,11.0,0.0,3.0
1619656936.0,1,1,0,0,1.0,0.0,11.0,0.0,0.0
1620387209.0,1,1,0,0,1.0,0.0,9.0,0.0,2.0
1622325181.0,1,0,0,1,0.0,0.0,,0.0,0.0
1622438171.0,1,1,0,0,1.0,0.0,17.0,1.0,1.0
1622957558.0,1,1,0,0,1.0,0.0,4.0,1.0,0.0
1623431707.0,1,1,0,0,1.0,0.0,14.0,0.0,0.0
1623781655.0,1,1,0,0,1.0,0.0,1.0,0.0,3.0
1623936328.0,1,0,1,0,0.0,1.0,11.0,0.0,0.0
1625074545.0,1,1,0,0,1.0,0.0,2.0,0.0,0.0
1625451633.0,1,1,0,0,1.0,0.0,9.0,0.0,0.0
1625936922.0,1,0,0,1,0.0,0.0,,0.0,0.0
1625965784.0,1,1,0,0,1.0,0.0,12.0,0.0,2.0
1627296270.0,1,1,0,0,1.0,0.0,3.0,0.0,0.0
1627607228.0,1,0,1,0,0.0,1.0,7.0,0.0,3.0
1627830273.0,1,0,0,1,0.0,0.0,,0.0,3.0
1628127655.0,1,0,0,1,0.0,0.0,,0.0,1.0
1628181464.0,1,1,0,0,1.0,0.0,12.0,0.0,2.0
1629592008.0,1,0,1,0,0.0,1.0,25.0,1.0,1.0
1630604156.0,1,1,0,0,1.0,0.0,8.0,0.0,3.0
1630783173.0,1,1,0,0,1.0,0.0,5.0,0.0,2.0
1630969279.0,2,2,0,0,1.0,0.0,16.0,1.0,0.0
1630975771.0,1,1,0,0,1.0,0.0,19.0,1.0,0.0
1631224819.0,1,1,0,0,1.0,0.0,1.0,0.0,2.0
1631317667.0,1,0,0,1,0.0,0.0,,0.0,0.0
1631336751.0,1,0,1,0,0.0,1.0,10.0,0.0,1.0
1631472582.0,1,0,1,0,0.0,1.0,5.0,0.0,0.0
1631777604.0,1,1,0,0,1.0,0.0,0.0,0.0,0.0
1631851004.0,1,0,0,1,0.0,0.0,,0.0,0.0
1631910132.0,1,1,0,0,1.0,0.0,8.0,0.0,0.0
1632021257.0,1,0,1,0,0.0,1.0,20.0,1.0,0.0
1632720472.0,1,1,0,0,1.0,0.0,3.0,0.0,0.0
1633660149.0,1,0,1,0,0.0,1.0,2.0,0.0,0.0
1633866115.0,1,0,0,1,0.0,0.0,,0.0,1.0
1634306346.0,1,0,0,1,0.0,0.0,,0.0,1.0
1634664956.0,1,1,0,0,1.0,0.0,17.0,1.0,0.0
1634716773.0,1,1,0,0,1.0,0.0,3.0,0.0,0.0
1635126913.0,1,0,0,1,0.0,0.0,,0.0,0.0
1635920607.0,1,1,0,0,1.0,0.0,6.0,0.0,0.0
1636209676.0,1,0,1,0,0.0,1.0,9.0,0.0,3.0
1636267572.0,1,1,0,0,1.0,0.0,5.0,0.0,3.0
1636992530.0,1,1,0,0,1.0,0.0,19.0,1.0,0.0
1637101744.0,1,0,1,0,0.0,1.0,18.0,1.0,0.0
1637411902.0,1,1,0,0,1.0,0.0,2.0,0.0,3.0
1637504199.0,1,1,0,0,1.0,0.0,12.0,0.0,2.0
1638888044.0,1,1,0,0,1.0,0.0,13.0,0.0,0.0
1639313302.0,1,1,0,0,1.0,0.0,24.0,1.0,0.0
1639350480.0,1,1,0,0,1.0,0.0,14.0,0.0,0.0
1639653709.0,1,1,0,0,1.0,0.0,7.0,0.0,0.0
1639662385.0,1,1,0,0,1.0,0.0,17.0,1.0,3.0
1639784603.0,1,1,0,0,1.0,0.0,11.0,0.0,0.0
1639970932.0,1,1,0,0,1.0,0.0,13.0,0.0,0.0
1640704078.0,1,0,0,1,0.0,0.0,,0.0,0.0
1640732798.0,1,0,0,1,0.0,0.0,,0.0,0.0
1640842964.0,1,1,0,0,1.0,0.0,5.0,0.0,1.0
1641189067.0,1,0,1,0,0.0,1.0,2.0,0.0,3.0
1641515468.0,1,1,0,0,1.0,0.0,1.0,0.0,1.0
1641804672.0,1,0,0,1,0.0,0.0,,0.0,1.0
1641944891.0,1,1,0,0,1.0,0.0,10.0,0.0,0.0
1642938040.0,1,1,0,0,1.0,0.0,28.0,1.0,2.0
1643449811.0,1,1,0,0,1.0,0.0,2.0,0.0,1.0
1644032336.0,1,1,0,0,1.0,0.0,15.0,1.0,0.0
1644630702.0,1,1,0,0,1.0,0.0,4.0,1.0,3.0
1645075010.0,1,1,0,0,1.0,0.0,19.0,1.0,0.0
1645142962.0,1,1,0,0,1.0,0.0,22.0,1.0,0.0
1645543142.0,1,1,0,0,1.0,0.0,10.0,0.0,2.0
1645699327.0,1,1,0,0,1.0,0.0,5.0,0.0,0.0
1646794742.0,1,0,1,0,0.0,1.0,18.0,1.0,3.0
1647971530.0,1,1,0,0,1.0,0.0,3.0,0.0,0.0
1648148297.0,1,0,1,0,0.0,1.0,6.0,1.0,2.0
1649357473.0,1,0,1,0,0.0,1.0,8.0,0.0,0.0
1649544490.0,1,0,1,0,0.0,1.0,8.0,0.0,0.0
1650966521.0,1,1,0,0,1.0,0.0,10.0,0.0,0.0
1651020575.0,1,0,1,0,0.0,1.0,1.0,0.0,2.0
1652199942.0,1,0,1,0,0.0,1.0,12.0,0.0,0.0
1652636895.0,1,0,0,1,0.0,0.0,,0.0,0.0
1653776747.0,1,0,0,1,0.0,0.0,,0.0,0.0
1654251984.0,1,0,1,0,0.0,1.0,4.0,1.0,0.0
1654556395.0,1,0,1,0,0.0,1.0,10.0,0.0,1.0
1654893854.0,1,1,0,0,1.0,0.0,9.0,0.0,0.0
1655386700.0,1,0,1,0,0.0,1.0,4.0,1.0,0.0
1655977898.0,1,1,0,0,1.0,0.0,11.0,0.0,0.0
1656716394.0,1,1,0,0,1.0,0.0,14.0,0.0,0.0
1656893057.0,1,1,0,0,1.0,0.0,7.0,0.0,3.0
1657105636.0,1,1,0,0,1.0,0.0,5.0,0.0,2.0
1657113020.0,1,1,0,0,1.0,0.0,4.0,0.0,2.0
1657499083.0,1,1,0,0,1.0,0.0,2.0,0.0,0.0
1657531109.0,1,0,0,1,0.0,0.0,,0.0,0.0
1658247390.0,1,1,0,0,1.0,0.0,9.0,0.0,2.0
1658706664.0,1,1,0,0,1.0,0.0,16.0,1.0,2.0
1658783128.0,1,0,1,0,0.0,1.0,4.0,1.0,1.0
1658863689.0,1,1,0,0,1.0,0.0,1.0,0.0,0.0
1658923867.0,1,0,1,0,0.0,1.0,11.0,0.0,0.0
1659694145.0,1,1,0,0,1.0,0.0,18.0,1.0,3.0
1660469758.0,1,0,1,0,0.0,1.0,4.0,0.0,1.0
1663028551.0,1,1,0,0,1.0,0.0,7.0,0.0,0.0
1664536923.0,1,0,0,1,0.0,0.0,,0.0,0.0
1664703147.0,1,1,0,0,1.0,0.0,20.0,1.0,0.0
1665140744.0,1,1,0,0,1.0,0.0,10.0,0.0,0.0
1665601239.0,1,0,1,0,0.0,1.0,3.0,0.0,0.0
1666674568.0,1,1,0,0,1.0,0.0,7.0,0.0,0.0
1667016829.0,1,0,1,0,0.0,1.0,22.0,1.0,2.0
1667567554.0,1,1,0,0,1.0,0.0,23.0,1.0,0.0
1667597436.0,1,1,0,0,1.0,0.0,10.0,0.0,0.0
1668931759.0,1,1,0,0,1.0,0.0,12.0,0.0,2.0
1669840745.0,1,1,0,0,1.0,0.0,12.0,0.0,3.0
1670635817.0,1,1,0,0,1.0,0.0,10.0,0.0,0.0
1670727739.0,1,0,1,0,0.0,1.0,15.0,1.0,1.0
1671322114.0,1,1,0,0,1.0,0.0,4.0,1.0,0.0
1671533297.0,1,1,0,0,1.0,0.0,21.0,1.0,0.0
1671674660.0,1,0,0,1,0.0,0.0,,0.0,2.0
1671837212.0,1,1,0,0,1.0,0.0,11.0,0.0,0.0
1673376711.0,1,1,0,0,1.0,0.0,20.0,1.0,2.0
1673698712.0,1,0,1,0,0.0,1.0,6.0,0.0,2.0
1673930408.0,1,0,1,0,0.0,1.0,8.0,0.0,1.0
1675116879.0,1,1,0,0,1.0,0.0,22.0,1.0,0.0
1675552340.0,1,1,0,0,1.0,0.0,1.0,0.0,1.0
1676293489.0,1,1,0,0,1.0,0.0,20.0,1.0,2.0
1678065907.0,1,1,0,0,1.0,0.0,3.0,0.0,2.0
1678128832.0,1,1,0,0,1.0,0.0,22.0,1.0,3.0
1678249996.0,1,1,0,0,1.0,0.0,10.0,0.0,0.0
1679171810.0,1,1,0,0,1.0,0.0,15.0,1.0,3.0
1680693973.0,1,1,0,0,1.0,0.0,15.0,1.0,0.0
1680712482.0,1,1,0,0,1.0,0.0,20.0,1.0,0.0
1681218055.0,1,0,1,0,0.0,1.0,10.0,0.0,2.0
1681502859.0,1,0,1,0,0.0,1.0,1.0,0.0,3.0
1681859003.0,1,1,0,0,1.0,0.0,2.0,0.0,2.0
1681886270.0,1,0,0,1,0.0,0.0,,0.0,0.0
1682603142.0,1,0,1,0,0.0,1.0,12.0,0.0,0.0
1683251156.0,1,0,1,0,0.0,1.0,10.0,0.0,1.0
1684116540.0,1,0,1,0,0.0,1.0,18.0,1.0,0.0
1685425380.0,1,1,0,0,1.0,0.0,6.0,0.0,0.0
1685665853.0,1,0,0,1,0.0,0.0,,0.0,0.0
1687200880.0,1,1,0,0,1.0,0.0,18.0,1.0,3.0
1687730020.0,1,0,0,1,0.0,0.0,,0.0,1.0
1687874214.0,1,0,1,0,0.0,1.0,3.0,0.0,0.0
1688021657.0,1,1,0,0,1.0,0.0,14.0,0.0,2.0
1688084657.0,1,1,0,0,1.0,0.0,5.0,0.0,0.0
1688689482.0,1,0,1,0,0.0,1.0,5.0,1.0,3.0
1689473226.0,1,1,0,0,1.0,0.0,2.0,0.0,0.0
1689612164.0,1,1,0,0,1.0,0.0,1.0,0.0,0.0
1689724303.0,1,1,0,0,1.0,0.0,15.0,1.0,0.0
1690585178.0,1,1,0,0,1.0,0.0,16.0,1.0,2.0
1690734076.0,1,1,0,0,1.0,0.0,0.0,0.0,0.0
1690748195.0,1,0,1,0,0.0,1.0,5.0,1.0,0.0
1691385301.0,1,0,1,0,0.0,1.0,16.0,1.0,2.0
1692179727.0,1,1,0,0,1.0,0.0,14.0,0.0,1.0
1692782863.0,1,0,0,1,0.0,0.0,,0.0,0.0
1693022719.0,1,1,0,0,1.0,0.0,2.0,0.0,0.0
1693049903.0,1,1,0,0,1.0,0.0,4.0,0.0,3.0
1693909696.0,1,1,0,0,1.0,0.0,17.0,1.0,0.0
1694490928.0,1,1,0,0,1.0,0.0,7.0,0.0,1.0
1695158998.0,1,1,0,0,1.0,0.0,3.0,0.0,2.0
1695419265.0,1,0,1,0,0.0,1.0,2.0,0.0,0.0
1695653965.0,1,1,0,0,1.0,0.0,10.0,0.0,0.0
1696750907.0,1,1,0,0,1.0,0.0,23.0,1.0,0.0
1697192554.0,1,1,0,0,1.0,0.0,12.0,0.0,0.0
1697397206.0,1,0,1,0,0.0,1.0,8.0,0.0,3.0
1697489570.0,1,0,1,0,0.0,1.0,16.0,1.0,0.0
1698101444.0,1,0,0,1,0.0,0.0,,0.0,0.0
1698358859.0,1,0,1,0,0.0,1.0,7.0,0.0,0.0
1698756494.0,1,1,0,0,1.0,0.0,5.0,0.0,2.0
1699301136.0,1,1,0,0,1.0,0.0,6.0,0.0,0.0
1699849181.0,1,0,1,0,0.0,1.0,17.0,1.0,0.0
1700044857.0,1,0,0,1,0.0,0.0,,0.0,0.0
1700231324.0,1,1,0,0,1.0,0.0,24.0,1.0,2.0
1700762079.0,1,1,0,0,1.0,0.0,6.0,0.0,2.0
1700895367.0,1,1,0,0,1.0,0.0,1.0,0.0,0.0
1700952426.0,1,0,1,0,0.0,1.0,17.0,1.0,0.0
1701584251.0,1,0,0,1,0.0,0.0,,0.0,2.0
1702308694.0,1,1,0,0,1.0,0.0,3.0,0.0,0.0
1702699839.0,1,1,0,0,1.0,0.0,19.0,1.0,3.0
1703496238.0,1,1,0,0,1.0,0.0,2.0,0.0,3.0
1705191868.0,1,1,0,0,1.0,0.0,26.0,1.0,0.0
1706877304.0,1,0,1,0,0.0,1.0,10.0,0.0,0.0
1707865465.0,1,1,0,0,1.0,0.0,36.0,1.0,1.0
1707948594.0,1,1,0,0,1.0,0.0,3.0,0.0,0.0
1708313466.0,1,1,0,0,1.0,0.0,20.0,1.0,2.0
1708846150.0,1,1,0,0,1.0,0.0,5.0,0.0,3.0
1709922727.0,1,0,1,0,0.0,1.0,9.0,0.0,0.0
1709986502.0,1,1,0,0,1.0,0.0,7.0,0.0,0.0
1711019122.0,1,0,0,1,0.0,0.0,,0.0,1.0
1711578573.0,1,1,0,0,1.0,0.0,0.0,0.0,1.0
1712727944.0,1,0,1,0,0.0,1.0,17.0,1.0,3.0
1712799907.0,1,0,1,0,0.0,1.0,9.0,0.0,1.0
1713095729.0,1,1,0,0,1.0,0.0,8.0,0.0,0.0
1713842218.0,1,1,0,0,1.0,0.0,23.0,1.0,0.0
1714655874.0,1,0,1,0,0.0,1.0,21.0,1.0,3.0
1715170145.0,1,0,1,0,0.0,1.0,8.0,0.0,0.0
1716774291.0,1,1,0,0,1.0,0.0,21.0,1.0,0.0
1717741973.0,1,0,1,0,0.0,1.0,12.0,0.0,0.0
1718734988.0,1,1,0,0,1.0,0.0,14.0,0.0,1.0
1718815441.0,1,1,0,0,1.0,0.0,2.0,0.0,0.0
1718964843.0,1,0,1,0,0.0,1.0,3.0,0.0,0.0
1718977529.0,1,1,0,0,1.0,0.0,8.0,0.0,0.0
1719137415.0,1,0,1,0,0.0,1.0,10.0,0.0,3.0
1719644932.0,1,1,0,0,1.0,0.0,4.0,1.0,0.0
1720093927.0,1,1,0,0,1.0,0.0,27.0,1.0,0.0
1720918893.0,1,1,0,0,1.0,0.0,12.0,0.0,0.0
1721195275.0,1,1,0,0,1.0,0.0,13.0,0.0,0.0
1721437904.0,1,0,1,0,0.0,1.0,7.0,0.0,0.0
1722125811.0,1,0,1,0,0.0,1.0,12.0,0.0,2.0
1723410885.0,1,1,0,0,1.0,0.0,1.0,0.0,0.0
1724738668.0,1,0,1,0,0.0,1.0,7.0,0.0,2.0
1725115448.0,1,1,0,0,1.0,0.0,4.0,0.0,0.0
1725695034.0,1,1,0,0,1.0,0.0,10.0,0.0,3.0
1726181679.0,2,2,0,0,1.0,0.0,1.0,0.0,0.0
1727690159.0,1,1,0,0,1.0,0.0,8.0,0.0,0.0
1727849657.0,1,0,0,1,0.0,0.0,,0.0,0.0
1729212672.0,1,1,0,0,1.0,0.0,1.0,0.0,0.0
1730188865.0,1,1,0,0,1.0,0.0,14.0,0.0,0.0
1730293791.0,1,1,0,0,1.0,0.0,16.0,1.0,0.0
1730838083.0,1,0,1,0,0.0,1.0,8.0,0.0,2.0
1731624821.0,2,2,0,0,1.0,0.0,3.0,0.0,0.0
1732655317.0,1,1,0,0,1.0,0.0,9.0,0.0,0.0
1733004905.0,1,0,1,0,0.0,1.0,13.0,0.0,2.0
1733565459.0,1,1,0,0,1.0,0.0,13.0,0.0,1.0
1734143684.0,1,1,0,0,1.0,0.0,6.0,0.0,0.0
1735853015.0,1,0,0,1,0.0,0.0,,0.0,0.0
1736648221.0,2,0,0,2,0.0,0.0,,0.0,0.0
1736877541.0,1,1,0,0,1.0,0.0,11.0,0.0,1.0
1737558849.0,1,0,1,0,0.0,1.0,3.0,0.0,2.0
1737655685.0,1,0,0,1,0.0,0.0,,0.0,1.0
1738765315.0,1,1,0,0,1.0,0.0,9.0,0.0,0.0
1739313686.0,1,1,0,0,1.0,0.0,17.0,1.0,0.0
1739459540.0,1,1,0,0,1.0,0.0,12.0,0.0,2.0
1739923358.0,1,1,0,0,1.0,0.0,1.0,0.0,0.0
1740067115.0,1,1,0,0,1.0,0.0,8.0,0.0,3.0
1740097363.0,1,1,0,0,1.0,0.0,5.0,0.0,0.0
1740763924.0,1,1,0,0,1.0,0.0,5.0,1.0,3.0
1740767757.0,1,1,0,0,1.0,0.0,6.0,0.0,0.0
1741016735.0,1,1,0,0,1.0,0.0,14.0,0.0,0.0
1741345261.0,1,0,1,0,0.0,1.0,2.0,0.0,1.0
1741881760.0,1,0,1,0,0.0,1.0,9.0,0.0,0.0
1743021372.0,1,1,0,0,1.0,0.0,11.0,0.0,1.0
1744131442.0,1,1,0,0,1.0,0.0,4.0,0.0,1.0
1744423878.0,1,1,0,0,1.0,0.0,6.0,0.0,0.0
1744847326.0,2,2,0,0,1.0,0.0,10.0,0.0,3.0
1745139534.0,1,0,0,1,0.0,0.0,,0.0,0.0
1745767042.0,1,1,0,0,1.0,0.0,14.0,0.0,2.0
1745911772.0,1,1,0,0,1.0,0.0,10.0,0.0,0.0
1746373427.0,1,0,1,0,0.0,1.0,16.0,1.0,3.0
1747005905.0,1,1,0,0,1.0,0.0,5.0,0.0,2.0
1747555367.0,1,0,1,0,0.0,1.0,8.0,0.0,0.0
1747857638.0,1,1,0,0,1.0,0.0,6.0,0.0,0.0
1747934834.0,1,1,0,0,1.0,0.0,10.0,1.0,0.0
1747988911.0,1,0,1,0,0.0,1.0,9.0,0.0,0.0
1748003566.0,2,2,0,0,1.0,0.0,8.0,0.0,1.0
1748015567.0,1,0,0,1,0.0,0.0,,0.0,0.0
1749181150.0,1,1,0,0,1.0,0.0,5.0,0.0,2.0
1749319627.0,1,0,0,1,0.0,0.0,,0.0,3.0
1750054655.0,1,0,1,0,0.0,1.0,19.0,1.0,1.0
1752852447.0,1,0,1,0,0.0,1.0,11.0,0.0,3.0
1753655289.0,1,0,1,0,0.0,1.0,1.0,0.0,2.0
1753655371.0,1,0,0,1,0.0,0.0,,0.0,2.0
1754115733.0,1,1,0,0,1.0,0.0,13.0,0.0,0.0
1754738074.0,1,1,0,0,1.0,0.0,17.0,1.0,0.0
1754858698.0,1,1,0,0,1.0,0.0,1.0,0.0,0.0
1755291340.0,1,0,1,0,0.0,1.0,13.0,0.0,0.0
1755432583.0,1,0,0,1,0.0,0.0,,0.0,2.0
1755776663.0,1,1,0,0,1.0,0.0,6.0,0.0,0.0
1756550744.0,2,0,2,0,0.0,1.0,9.0,0.0,3.0
1756716371.0,1,1,0,0,1.0,0.0,12.0,0.0,0.0
1757072862.0,2,2,0,0,1.0,0.0,14.0,0.0,0.0
1757165503.0,1,0,1,0,0.0,1.0,2.0,0.0,2.0
1758116259.0,1,1,0,0,1.0,0.0,5.0,1.0,0.0
1758642961.0,1,0,0,1,0.0,0.0,,0.0,0.0
1758643767.0,1,0,1,0,0.0,1.0,1.0,0.0,0.0
1759340475.0,1,1,0,0,1.0,0.0,4.0,0.0,0.0
1759465872.0,1,1,0,0,1.0,0.0,24.0,1.0,1.0
1759735508.0,2,2,0,0,1.0,0.0,9.0,0.0,3.0
1761534761.0,1,0,0,1,0.0,0.0,,0.0,1.0
1762149484.0,1,1,0,0,1.0,0.0,20.0,1.0,3.0
1762798640.0,1,1,0,0,1.0,0.0,11.0,0.0,0.0
1763761758.0,1,1,0,0,1.0,0.0,17.0,1.0,0.0
1764464189.0,1,1,0,0,1.0,0.0,12.0,0.0,0.0
1765029199.0,1,1,0,0,1.0,0.0,15.0,1.0,3.0
1765505171.0,1,1,0,0,1.0,0.0,14.0,0.0,0.0
1765628669.0,1,1,0,0,1.0,0.0,13.0,0.0,0.0
1765855555.0,1,1,0,0,1.0,0.0,2.0,0.0,0.0
1765917292.0,1,1,0,0,1.0,0.0,7.0,0.0,1.0
1765930688.0,1,1,0,0,1.0,0.0,4.0,0.0,2.0
1766209834.0,1,0,1,0,0.0,1.0,8.0,0.0,1.0
1766438964.0,1,0,0,1,0.0,0.0,,0.0,0.0
1767034959.0,1,1,0,0,1.0,0.0,8.0,0.0,3.0
1767279698.0,1,0,1,0,0.0,1.0,3.0,0.0,3.0
1767675128.0,1,0,0,1,0.0,0.0,,0.0,0.0
1767998969.0,1,0,1,0,0.0,1.0,7.0,0.0,0.0
1768022903.0,1,1,0,0,1.0,0.0,6.0,0.0,0.0
1768301479.0,1,1,0,0,1.0,0.0,25.0,1.0,0.0
1768330466.0,1,1,0,0,1.0,0.0,6.0,0.0,0.0
1768885063.0,1,1,0,0,1.0,0.0,7.0,0.0,0.0
1769173791.0,1,0,1,0,0.0,1.0,8.0,0.0,0.0
1769192778.0,1,1,0,0,1.0,0.0,0.0,0.0,0.0
1769293828.0,1,1,0,0,1.0,0.0,6.0,0.0,0.0
1769339028.0,1,1,0,0,1.0,0.0,13.0,0.0,3.0
1769543545.0,1,1,0,0,1.0,0.0,4.0,0.0,0.0
1770535432.0,1,1,0,0,1.0,0.0,10.0,1.0,0.0
1771342552.0,1,1,0,0,1.0,0.0,9.0,0.0,0.0
1771980517.0,1,1,0,0,1.0,0.0,8.0,0.0,3.0
1772438173.0,1,1,0,0,1.0,0.0,2.0,0.0,0.0
1773542100.0,1,1,0,0,1.0,0.0,2.0,0.0,0.0
1774408306.0,1,1,0,0,1.0,0.0,10.0,0.0,0.0
1774428030.0,1,1,0,0,1.0,0.0,12.0,0.0,2.0
1776226900.0,1,1,0,0,1.0,0.0,10.0,0.0,0.0
1776348138.0,1,1,0,0,1.0,0.0,11.0,0.0,0.0
1777035662.0,1,0,1,0,0.0,1.0,7.0,1.0,3.0
1777141817.0,1,0,1,0,0.0,1.0,1.0,0.0,0.0
1777282363.0,1,0,0,1,0.0,0.0,,0.0,2.0
1777559121.0,1,0,1,0,0.0,1.0,7.0,0.0,0.0
1778501552.0,1,1,0,0,1.0,0.0,7.0,0.0,3.0
1780061231.0,1,1,0,0,1.0,0.0,3.0,0.0,3.0
1780989487.0,1,0,1,0,0.0,1.0,13.0,0.0,0.0
1781183257.0,1,0,1,0,0.0,1.0,13.0,0.0,0.0
1781970684.0,1,1,0,0,1.0,0.0,27.0,1.0,0.0
1782125198.0,1,1,0,0,1.0,0.0,1.0,0.0,3.0
1784498122.0,1,1,0,0,1.0,0.0,10.0,0.0,2.0
1784771681.0,1,0,1,0,0.0,1.0,8.0,0.0,1.0
1784964964.0,1,1,0,0,1.0,0.0,22.0,1.0,3.0
1785488753.0,1,1,0,0,1.0,0.0,5.0,0.0,1.0
1786839338.0,2,0,2,0,0.0,1.0,14.0,0.0,2.0
1787623936.0,1,0,1,0,0.0,1.0,10.0,0.0,0.0
1788079877.0,1,0,0,1,0.0,0.0,,0.0,3.0
1788171623.0,1,0,0,1,0.0,0.0,,0.0,0.0
1788274542.0,1,0,1,0,0.0,1.0,6.0,0.0,0.0
1788442421.0,1,0,1,0,0.0,1.0,7.0,0.0,0.0
1788450095.0,1,0,1,0,0.0,1.0,9.0,0.0,0.0
1788833886.0,1,1,0,0,1.0,0.0,26.0,1.0,1.0
1788996086.0,1,1,0,0,1.0,0.0,5.0,0.0,0.0
1789149955.0,1,0,1,0,0.0,1.0,4.0,0.0,2.0
1789344893.0,1,1,0,0,1.0,0.0,17.0,1.0,0.0
1789637255.0,1,1,0,0,1.0,0.0,5.0,0.0,0.0
1789897148.0,1,1,0,0,1.0,0.0,0.0,0.0,1.0
1790236010.0,1,1,0,0,1.0,0.0,22.0,1.0,0.0
1792578374.0,1,1,0,0,1.0,0.0,6.0,0.0,0.0
1794914666.0,1,0,1,0,0.0,1.0,18.0,1.0,3.0
1795443196.0,1,1,0,0,1.0,0.0,12.0,0.0,0.0
1795509320.0,1,0,1,0,0.0,1.0,12.0,0.0,0.0
1796847624.0,1,1,0,0,1.0,0.0,13.0,0.0,0.0
1797299363.0,1,1,0,0,1.0,0.0,12.0,0.0,3.0
1797537146.0,1,1,0,0,1.0,0.0,5.0,0.0,2.0
1798565695.0,1,1,0,0,1.0,0.0,1.0,0.0,3.0
1798610365.0,1,1,0,0,1.0,0.0,13.0,0.0,1.0
1799752064.0,1,1,0,0,1.0,0.0,5.0,0.0,3.0
1799796391.0,1,1,0,0,1.0,0.0,18.0,1.0,2.0
1800932874.0,1,1,0,0,1.0,0.0,3.0,0.0,2.0
1801652647.0,1,0,1,0,0.0,1.0,19.0,1.0,0.0
1801938657.0,1,1,0,0,1.0,0.0,12.0,0.0,2.0
1802106263.0,1,1,0,0,1.0,0.0,8.0,0.0,3.0
1802160976.0,1,1,0,0,1.0,0.0,6.0,0.0,0.0
1802805593.0,1,1,0,0,1.0,0.0,8.0,0.0,1.0
1803325815.0,1,1,0,0,1.0,0.0,2.0,0.0,1.0
1803644959.0,1,1,0,0,1.0,0.0,9.0,0.0,2.0
1803765526.0,1,1,0,0,1.0,0.0,10.0,0.0,2.0
1804001535.0,1,1,0,0,1.0,0.0,1.0,0.0,2.0
1804120416.0,1,1,0,0,1.0,0.0,12.0,0.0,0.0
1804927930.0,1,1,0,0,1.0,0.0,21.0,1.0,2.0
1805125682.0,1,1,0,0,1.0,0.0,11.0,0.0,0.0
1805233278.0,1,1,0,0,1.0,0.0,11.0,0.0,3.0
1805385243.0,1,1,0,0,1.0,0.0,8.0,0.0,3.0
1806031490.0,1,1,0,0,1.0,0.0,9.0,0.0,0.0
1806266049.0,2,2,0,0,1.0,0.0,8.0,0.0,2.0
1806408805.0,1,0,1,0,0.0,1.0,2.0,0.0,0.0
1806661578.0,1,1,0,0,1.0,0.0,5.0,0.0,1.0
1806690120.0,1,0,1,0,0.0,1.0,9.0,0.0,0.0
1806698973.0,1,1,0,0,1.0,0.0,17.0,1.0,0.0
1808572086.0,1,1,0,0,1.0,0.0,20.0,1.0,1.0
1809887091.0,1,0,0,1,0.0,0.0,,0.0,2.0
1810657183.0,1,1,0,0,1.0,0.0,14.0,0.0,0.0
1810891009.0,1,1,0,0,1.0,0.0,11.0,0.0,2.0
1811025333.0,1,1,0,0,1.0,0.0,6.0,0.0,0.0
1811196798.0,1,1,0,0,1.0,0.0,5.0,0.0,0.0
1811216350.0,1,1,0,0,1.0,0.0,5.0,0.0,0.0
1811355489.0,1,0,1,0,0.0,1.0,9.0,1.0,0.0
1811419607.0,1,1,0,0,1.0,0.0,3.0,0.0,0.0
1812254873.0,1,1,0,0,1.0,0.0,2.0,0.0,0.0
1813276073.0,1,1,0,0,1.0,0.0,9.0,0.0,0.0
1814002461.0,1,0,0,1,0.0,0.0,,0.0,0.0
1814321349.0,1,1,0,0,1.0,0.0,4.0,0.0,1.0
1815225976.0,1,1,0,0,1.0,0.0,23.0,1.0,0.0
1815381641.0,1,1,0,0,1.0,0.0,2.0,0.0,0.0
1815601762.0,1,1,0,0,1.0,0.0,18.0,1.0,0.0
1815808566.0,1,0,1,0,0.0,1.0,5.0,1.0,0.0
1816433056.0,1,0,1,0,0.0,1.0,6.0,0.0,0.0
1816566619.0,1,1,0,0,1.0,0.0,10.0,0.0,0.0
1816977047.0,1,1,0,0,1.0,0.0,10.0,0.0,0.0
1817907861.0,1,0,1,0,0.0,1.0,8.0,0.0,1.0
1818550074.0,1,1,0,0,1.0,0.0,10.0,0.0,0.0
1818612781.0,1,0,1,0,0.0,1.0,21.0,1.0,0.0
1818918869.0,1,1,0,0,1.0,0.0,6.0,0.0,2.0
1819073672.0,1,0,1,0,0.0,1.0,23.0,1.0,0.0
1820572010.0,1,1,0,0,1.0,0.0,2.0,0.0,0.0
1820688810.0,1,1,0,0,1.0,0.0,11.0,0.0,0.0
1821121059.0,1,0,0,1,0.0,0.0,,0.0,0.0
1821364167.0,1,0,1,0,0.0,1.0,4.0,1.0,3.0
1821599397.0,1,1,0,0,1.0,0.0,3.0,0.0,0.0
1821622311.0,1,0,1,0,0.0,1.0,8.0,0.0,2.0
1821687605.0,1,1,0,0,1.0,0.0,5.0,0.0,2.0
1822504090.0,1,1,0,0,1.0,0.0,12.0,0.0,1.0
1822557506.0,1,1,0,0,1.0,0.0,7.0,0.0,0.0
1823042887.0,1,1,0,0,1.0,0.0,16.0,1.0,0.0
1824077810.0,1,1,0,0,1.0,0.0,11.0,0.0,1.0
1824097504.0,1,1,0,0,1.0,0.0,17.0,1.0,1.0
1824516133.0,1,1,0,0,1.0,0.0,2.0,0.0,0.0
1825268748.0,1,1,0,0,1.0,0.0,7.0,1.0,0.0
1825331560.0,1,0,1,0,0.0,1.0,13.0,0.0,0.0
1825357460.0,1,1,0,0,1.0,0.0,12.0,0.0,3.0
1826753726.0,1,0,0,1,0.0,0.0,,0.0,2.0
1826794827.0,1,1,0,0,1.0,0.0,1.0,0.0,0.0
1827259214.0,1,0,1,0,0.0,1.0,2.0,0.0,0.0
1827320632.0,1,0,1,0,0.0,1.0,19.0,1.0,0.0
1828477965.0,1,0,0,1,0.0,0.0,,0.0,2.0
1830267095.0,1,1,0,0,1.0,0.0,21.0,1.0,3.0
1831839755.0,1,1,0,0,1.0,0.0,9.0,0.0,0.0
1832737884.0,1,0,1,0,0.0,1.0,5.0,0.0,0.0
1833824156.0,1,0,1,0,0.0,1.0,6.0,0.0,2.0
1834234612.0,1,0,1,0,0.0,1.0,34.0,1.0,0.0
1834651349.0,1,0,1,0,0.0,1.0,9.0,0.0,1.0
1834810702.0,1,0,1,0,0.0,1.0,7.0,0.0,0.0
1835439500.0,1,0,1,0,0.0,1.0,5.0,0.0,0.0
1835776475.0,1,1,0,0,1.0,0.0,26.0,1.0,3.0
1835840910.0,1,0,1,0,0.0,1.0,12.0,0.0,0.0
1835843150.0,1,0,0,1,0.0,0.0,,0.0,0.0
1836508973.0,1,1,0,0,1.0,0.0,7.0,0.0,0.0
1836622500.0,1,1,0,0,1.0,0.0,19.0,1.0,3.0
1836772054.0,1,1,0,0,1.0,0.0,12.0,0.0,1.0
1838313953.0,1,1,0,0,1.0,0.0,8.0,0.0,2.0
1838361406.0,1,0,1,0,0.0,1.0,17.0,1.0,2.0
1839082091.0,1,1,0,0,1.0,0.0,6.0,1.0,2.0
1839472781.0,1,0,1,0,0.0,1.0,9.0,0.0,1.0
1839797794.0,1,1,0,0,1.0,0.0,9.0,0.0,0.0
1839936442.0,1,1,0,0,1.0,0.0,10.0,0.0,0.0
1840692619.0,1,1,0,0,1.0,0.0,22.0,1.0,1.0
1841017112.0,1,1,0,0,1.0,0.0,6.0,0.0,2.0
1841232755.0,1,0,1,0,0.0,1.0,5.0,0.0,2.0
1841277696.0,1,1,0,0,1.0,0.0,9.0,0.0,1.0
1841560976.0,1,0,1,0,0.0,1.0,9.0,0.0,0.0
1841585498.0,1,1,0,0,1.0,0.0,1.0,0.0,0.0
1844771448.0,1,1,0,0,1.0,0.0,2.0,0.0,2.0
1845032691.0,1,1,0,0,1.0,0.0,5.0,0.0,0.0
1845079562.0,1,1,0,0,1.0,0.0,3.0,0.0,3.0
1845678368.0,2,0,2,0,0.0,1.0,0.0,0.0,2.0
1846035628.0,1,1,0,0,1.0,0.0,10.0,0.0,0.0
1846114284.0,1,1,0,0,1.0,0.0,0.0,0.0,0.0
1846205764.0,1,1,0,0,1.0,0.0,0.0,0.0,0.0
1846647945.0,1,0,0,1,0.0,0.0,,0.0,3.0
1847743258.0,1,1,0,0,1.0,0.0,7.0,0.0,0.0
1849106301.0,1,0,0,1,0.0,0.0,,0.0,0.0
1850267166.0,1,1,0,0,1.0,0.0,3.0,0.0,0.0
1850929901.0,1,0,1,0,0.0,1.0,10.0,0.0,2.0
1851288271.0,1,1,0,0,1.0,0.0,6.0,0.0,0.0
1851951177.0,1,0,1,0,0.0,1.0,10.0,0.0,0.0
1853255822.0,1,0,1,0,0.0,1.0,9.0,0.0,0.0
1853837386.0,1,1,0,0,1.0,0.0,6.0,0.0,2.0
1854053444.0,1,1,0,0,1.0,0.0,11.0,0.0,3.0
1854184495.0,1,1,0,0,1.0,0.0,0.0,0.0,0.0
1855766080.0,1,1,0,0,1.0,0.0,21.0,1.0,0.0
1856583163.0,1,1,0,0,1.0,0.0,26.0,1.0,3.0
1856847267.0,1,1,0,0,1.0,0.0,8.0,0.0,0.0
1858171801.0,1,1,0,0,1.0,0.0,3.0,0.0,0.0
1858729812.0,1,1,0,0,1.0,0.0,10.0,0.0,0.0
1858790364.0,1,1,0,0,1.0,0.0,7.0,0.0,2.0
1858859457.0,1,1,0,0,1.0,0.0,11.0,0.0,0.0
1859491925.0,1,0,1,0,0.0,1.0,5.0,0.0,0.0
1860035581.0,1,0,0,1,0.0,0.0,,0.0,1.0
1860463429.0,1,1,0,0,1.0,0.0,16.0,1.0,1.0
1860733566.0,1,0,0,1,0.0,0.0,,0.0,1.0
1860919368.0,1,0,0,1,0.0,0.0,,0.0,3.0
1861173289.0,1,1,0,0,1.0,0.0,17.0,1.0,0.0
1862707265.0,1,1,0,0,1.0,0.0,10.0,0.0,3.0
1863273553.0,1,1,0,0,1.0,0.0,12.0,0.0,0.0
1863822539.0,1,1,0,0,1.0,0.0,2.0,0.0,1.0
1863980554.0,1,0,1,0,0.0,1.0,5.0,0.0,0.0
1864781705.0,1,0,1,0,0.0,1.0,3.0,0.0,3.0
1865843901.0,1,0,1,0,0.0,1.0,4.0,1.0,3.0
1865998878.0,2,2,0,0,1.0,0.0,9.0,0.0,1.0
1867926315.0,1,0,1,0,0.0,1.0,5.0,1.0,3.0
1868168899.0,1,0,1,0,0.0,1.0,35.0,1.0,2.0
1868654520.0,1,1,0,0,1.0,0.0,4.0,0.0,0.0
1868915616.0,1,1,0,0,1.0,0.0,1.0,0.0,0.0
1869470144.0,1,0,1,0,0.0,1.0,5.0,1.0,1.0
1869566364.0,1,1,0,0,1.0,0.0,1.0,0.0,0.0
1869699272.0,1,1,0,0,1.0,0.0,6.0,0.0,0.0
1871403917.0,1,1,0,0,1.0,0.0,3.0,0.0,0.0
1872239442.0,1,1,0,0,1.0,0.0,1.0,0.0,0.0
1874287895.0,1,1,0,0,1.0,0.0,3.0,0.0,3.0
1876553187.0,1,1,0,0,1.0,0.0,4.0,0.0,0.0
1876653762.0,1,1,0,0,1.0,0.0,12.0,0.0,0.0
1877148621.0,1,0,1,0,0.0,1.0,6.0,0.0,0.0
1877239176.0,1,1,0,0,1.0,0.0,8.0,0.0,0.0
1877484500.0,1,0,0,1,0.0,0.0,,0.0,0.0
1877535593.0,1,1,0,0,1.0,0.0,2.0,0.0,3.0
1877674590.0,1,0,0,1,0.0,0.0,,0.0,2.0
1878326090.0,1,0,1,0,0.0,1.0,0.0,0.0,0.0
1878889523.0,1,1,0,0,1.0,0.0,12.0,0.0,0.0
1878943227.0,1,1,0,0,1.0,0.0,14.0,0.0,0.0
1879206785.0,2,2,0,0,1.0,0.0,1.0,0.0,0.0
1879522173.0,1,0,1,0,0.0,1.0,15.0,1.0,0.0
1880130728.0,1,1,0,0,1.0,0.0,4.0,0.0,1.0
1880320978.0,1,1,0,0,1.0,0.0,6.0,0.0,3.0
1881935884.0,1,1,0,0,1.0,0.0,0.0,0.0,0.0
1882818888.0,1,1,0,0,1.0,0.0,1.0,0.0,0.0
1883320741.0,1,0,1,0,0.0,1.0,10.0,0.0,3.0
1884044502.0,1,1,0,0,1.0,0.0,10.0,0.0,0.0
1884045461.0,1,0,0,1,0.0,0.0,,0.0,2.0
1884380682.0,1,1,0,0,1.0,0.0,9.0,0.0,1.0
1885032086.0,1,0,1,0,0.0,1.0,9.0,0.0,0.0
1885081846.0,1,0,1,0,0.0,1.0,3.0,0.0,0.0
1885535284.0,1,1,0,0,1.0,0.0,12.0,0.0,1.0
1885934239.0,1,1,0,0,1.0,0.0,10.0,0.0,3.0
1886760798.0,1,1,0,0,1.0,0.0,2.0,0.0,0.0
1887060116.0,1,0,1,0,0.0,1.0,11.0,0.0,1.0
1887243889.0,1,1,0,0,1.0,0.0,17.0,1.0,1.0
1887439353.0,1,1,0,0,1.0,0.0,1.0,0.0,0.0
1889707957.0,1,0,1,0,0.0,1.0,1.0,0.0,0.0
1889830702.0,1,0,1,0,0.0,1.0,8.0,0.0,0.0
1889966798.0,1,0,0,1,0.0,0.0,,0.0,0.0
1890242221.0,1,0,0,1,0.0,0.0,,0.0,0.0
1890337194.0,1,1,0,0,1.0,0.0,7.0,0.0,0.0
1891483383.0,1,0,0,1,0.0,0.0,,0.0,0.0
1892441040.0,1,0,0,1,0.0,0.0,,0.0,0.0
1892521768.0,1,1,0,0,1.0,0.0,6.0,0.0,2.0
1892739444.0,1,1,0,0,1.0,0.0,3.0,0.0,0.0
1893093738.0,1,0,0,1,0.0,0.0,,0.0,1.0
1893427826.0,1,0,0,1,0.0,0.0,,0.0,1.0
1893664579.0,1,1,0,0,1.0,0.0,8.0,0.0,1.0
1894320841.0,1,0,1,0,0.0,1.0,1.0,0.0,1.0
1894393263.0,1,1,0,0,1.0,0.0,4.0,1.0,0.0
1894398148.0,1,1,0,0,1.0,0.0,1.0,0.0,0.0
1895271927.0,1,0,1,0,0.0,1.0,2.0,0.0,3.0
1895563326.0,1,1,0,0,1.0,0.0,2.0,0.0,0.0
1896448517.0,1,1,0,0,1.0,0.0,7.0,0.0,0.0
1897132707.0,1,0,1,0,0.0,1.0,16.0,1.0,0.0
1897143014.0,1,1,0,0,1.0,0.0,14.0,0.0,0.0
1897146834.0,1,1,0,0,1.0,0.0,8.0,0.0,3.0
1897358325.0,1,1,0,0,1.0,0.0,20.0,1.0,0.0
1898821842.0,1,0,0,1,0.0,0.0,,0.0,2.0
1899454854.0,1,1,0,0,1.0,0.0,14.0,0.0,0.0
1899500781.0,1,1,0,0,1.0,0.0,8.0,0.0,3.0
1899542412.0,1,1,0,0,1.0,0.0,1.0,0.0,0.0
1899614341.0,1,1,0,0,1.0,0.0,2.0,0.0,0.0
1901106980.0,1,1,0,0,1.0,0.0,5.0,0.0,3.0
1901159830.0,1,1,0,0,1.0,0.0,5.0,0.0,3.0
1902885676.0,1,1,0,0,1.0,0.0,15.0,1.0,0.0
1904335327.0,1,1,0,0,1.0,0.0,4.0,1.0,0.0
1904861218.0,1,0,1,0,0.0,1.0,12.0,0.0,0.0
1905044132.0,1,1,0,0,1.0,0.0,1.0,0.0,0.0
1905465647.0,1,1,0,0,1.0,0.0,5.0,0.0,3.0
1905824059.0,1,1,0,0,1.0,0.0,10.0,0.0,2.0
1906295304.0,1,1,0,0,1.0,0.0,1.0,0.0,2.0
1906428721.0,1,1,0,0,1.0,0.0,14.0,0.0,0.0
1908685780.0,1,0,1,0,0.0,1.0,6.0,0.0,0.0
1909080806.0,1,1,0,0,1.0,0.0,0.0,0.0,3.0
1909313863.0,1,1,0,0,1.0,0.0,13.0,0.0,1.0
1909674346.0,1,0,1,0,0.0,1.0,16.0,1.0,0.0
1909758504.0,1,1,0,0,1.0,0.0,24.0,1.0,0.0
1910040847.0,1,1,0,0,1.0,0.0,16.0,1.0,0.0
1910115716.0,1,1,0,0,1.0,0.0,5.0,0.0,0.0
1910687253.0,1,1,0,0,1.0,0.0,7.0,0.0,0.0
1910959139.0,1,0,1,0,0.0,1.0,1.0,0.0,0.0
1911264960.0,1,0,1,0,0.0,1.0,9.0,0.0,0.0
1911525800.0,1,0,1,0,0.0,1.0,9.0,0.0,0.0
1911712750.0,1,1,0,0,1.0,0.0,7.0,0.0,0.0
1911801891.0,1,0,0,1,0.0,0.0,,0.0,0.0
1911923804.0,1,1,0,0,1.0,0.0,13.0,0.0,0.0
1912460619.0,2,2,0,0,1.0,0.0,12.0,0.0,3.0
1913302949.0,1,1,0,0,1.0,0.0,5.0,0.0,3.0
1913355063.0,1,1,0,0,1.0,0.0,3.0,0.0,2.0
1913455177.0,1,0,1,0,0.0,1.0,5.0,1.0,3.0
1914469358.0,1,1,0,0,1.0,0.0,11.0,0.0,3.0
1914996953.0,1,1,0,0,1.0,0.0,11.0,0.0,0.0
1915064333.0,1,1,0,0,1.0,0.0,4.0,0.0,0.0
1915830348.0,1,1,0,0,1.0,0.0,6.0,0.0,2.0
1916010071.0,1,0,1,0,0.0,1.0,6.0,1.0,0.0
1917489072.0,1,1,0,0,1.0,0.0,11.0,0.0,0.0
1918517271.0,1,1,0,0,1.0,0.0,9.0,0.0,0.0
1919530696.0,1,0,1,0,0.0,1.0,9.0,0.0,3.0
1919920427.0,1,0,1,0,0.0,1.0,10.0,0.0,2.0
1920497872.0,1,1,0,0,1.0,0.0,20.0,1.0,0.0
1920614243.0,1,1,0,0,1.0,0.0,6.0,0.0,0.0
1920945054.0,1,0,1,0,0.0,1.0,4.0,0.0,3.0
1921954269.0,1,1,0,0,1.0,0.0,15.0,1.0,2.0
1922323658.0,1,1,0,0,1.0,0.0,15.0,1.0,2.0
1924119684.0,1,0,0,1,0.0,0.0,,0.0,3.0
1924296762.0,1,1,0,0,1.0,0.0,24.0,1.0,0.0
1924571870.0,1,1,0,0,1.0,0.0,8.0,0.0,0.0
1926041772.0,1,1,0,0,1.0,0.0,8.0,0.0,0.0
1926277033.0,1,0,1,0,0.0,1.0,6.0,1.0,3.0
1926745760.0,1,0,0,1,0.0,0.0,,0.0,0.0
1926768015.0,1,1,0,0,1.0,0.0,7.0,0.0,0.0
1926872145.0,1,1,0,0,1.0,0.0,11.0,0.0,0.0
1926950648.0,1,1,0,0,1.0,0.0,0.0,0.0,1.0
1927095224.0,1,1,0,0,1.0,0.0,22.0,1.0,0.0
1927223474.0,1,1,0,0,1.0,0.0,19.0,1.0,3.0
1928219486.0,1,0,1,0,0.0,1.0,20.0,1.0,0.0
1928230034.0,1,1,0,0,1.0,0.0,8.0,0.0,1.0
1928267616.0,1,0,0,1,0.0,0.0,,0.0,0.0
1929026192.0,1,1,0,0,1.0,0.0,12.0,0.0,0.0
1929305453.0,1,0,1,0,0.0,1.0,9.0,0.0,0.0
1930627446.0,1,1,0,0,1.0,0.0,10.0,0.0,0.0
1931577070.0,1,1,0,0,1.0,0.0,4.0,0.0,2.0
1931675039.0,1,1,0,0,1.0,0.0,11.0,0.0,0.0
1932162301.0,1,1,0,0,1.0,0.0,5.0,0.0,1.0
1933441621.0,1,0,1,0,0.0,1.0,10.0,0.0,0.0
1933511572.0,1,1,0,0,1.0,0.0,13.0,0.0,0.0
1933790350.0,1,1,0,0,1.0,0.0,20.0,1.0,2.0
1934107775.0,1,1,0,0,1.0,0.0,20.0,1.0,0.0
1934188338.0,1,1,0,0,1.0,0.0,2.0,0.0,0.0
1934201100.0,1,1,0,0,1.0,0.0,11.0,0.0,3.0
1935275461.0,1,1,0,0,1.0,0.0,6.0,1.0,3.0
1935589351.0,1,1,0,0,1.0,0.0,3.0,0.0,3.0
1936058555.0,1,1,0,0,1.0,0.0,11.0,0.0,0.0
1936275531.0,1,1,0,0,1.0,0.0,24.0,1.0,2.0
1936856314.0,1,1,0,0,1.0,0.0,12.0,0.0,3.0
1937079654.0,1,1,0,0,1.0,0.0,2.0,0.0,0.0
1938458100.0,1,0,1,0,0.0,1.0,8.0,0.0,0.0
1938879236.0,1,0,1,0,0.0,1.0,9.0,0.0,0.0
1939398651.0,1,1,0,0,1.0,0.0,2.0,0.0,0.0
1939675032.0,1,1,0,0,1.0,0.0,11.0,0.0,1.0
1939907519.0,1,0,1,0,0.0,1.0,6.0,0.0,1.0
1940312331.0,1,1,0,0,1.0,0.0,4.0,0.0,2.0
1940636141.0,1,0,1,0,0.0,1.0,4.0,0.0,0.0
1941817363.0,1,1,0,0,1.0,0.0,12.0,0.0,3.0
1942273231.0,1,1,0,0,1.0,0.0,7.0,0.0,0.0
1943354007.0,1,0,1,0,0.0,1.0,13.0,0.0,2.0
1943597159.0,1,1,0,0,1.0,0.0,20.0,1.0,3.0
1943608424.0,1,0,0,1,0.0,0.0,,0.0,0.0
1943746761.0,1,1,0,0,1.0,0.0,1.0,0.0,0.0
1944289394.0,1,0,1,0,0.0,1.0,13.0,0.0,0.0
1944886105.0,1,1,0,0,1.0,0.0,7.0,0.0,1.0
1945366619.0,1,1,0,0,1.0,0.0,2.0,0.0,0.0
1945418612.0,1,1,0,0,1.0,0.0,0.0,0.0,0.0
1945994351.0,1,1,0,0,1.0,0.0,10.0,0.0,3.0
1946395327.0,1,0,0,1,0.0,0.0,,0.0,1.0
1947354580.0,1,1,0,0,1.0,0.0,10.0,0.0,1.0
1947533982.0,1,0,1,0,0.0,1.0,14.0,0.0,0.0
1948027552.0,1,1,0,0,1.0,0.0,13.0,0.0,0.0
1948195901.0,1,1,0,0,1.0,0.0,5.0,0.0,0.0
1948264488.0,1,1,0,0,1.0,0.0,3.0,0.0,0.0
1948674353.0,1,1,0,0,1.0,0.0,8.0,0.0,0.0
1949306366.0,2,0,2,0,0.0,1.0,18.0,1.0,3.0
1949365062.0,1,1,0,0,1.0,0.0,15.0,1.0,0.0
1949948218.0,1,1,0,0,1.0,0.0,14.0,0.0,1.0
1950685586.0,1,1,0,0,1.0,0.0,7.0,1.0,0.0
1950754020.0,1,1,0,0,1.0,0.0,8.0,0.0,0.0
1951030216.0,1,1,0,0,1.0,0.0,9.0,0.0,0.0
1951146027.0,1,1,0,0,1.0,0.0,12.0,0.0,0.0
1951800857.0,1,1,0,0,1.0,0.0,12.0,0.0,0.0
1952114272.0,1,1,0,0,1.0,0.0,3.0,0.0,3.0
1953180273.0,1,0,1,0,0.0,1.0,0.0,0.0,3.0
1953310811.0,1,1,0,0,1.0,0.0,2.0,0.0,0.0
1953785760.0,1,1,0,0,1.0,0.0,15.0,1.0,1.0
1954252601.0,1,0,1,0,0.0,1.0,4.0,1.0,0.0
1954439890.0,1,0,1,0,0.0,1.0,6.0,1.0,0.0
1955093864.0,1,1,0,0,1.0,0.0,5.0,0.0,2.0
1956706173.0,1,1,0,0,1.0,0.0,15.0,1.0,2.0
1956761245.0,1,0,1,0,0.0,1.0,3.0,0.0,0.0
1956900262.0,1,1,0,0,1.0,0.0,16.0,1.0,0.0
1957638687.0,1,1,0,0,1.0,0.0,3.0,0.0,2.0
1958871398.0,1,1,0,0,1.0,0.0,15.0,1.0,0.0
1959170877.0,1,1,0,0,1.0,0.0,7.0,0.0,0.0
1959341867.0,1,0,1,0,0.0,1.0,10.0,0.0,2.0
1960655499.0,1,1,0,0,1.0,0.0,17.0,1.0,0.0
1961165538.0,1,1,0,0,1.0,0.0,12.0,0.0,0.0
1961593242.0,1,1,0,0,1.0,0.0,9.0,0.0,0.0
1962568674.0,1,1,0,0,1.0,0.0,6.0,0.0,1.0
1963096011.0,1,1,0,0,1.0,0.0,13.0,0.0,2.0
1963609306.0,1,0,1,0,0.0,1.0,4.0,1.0,3.0
1964384035.0,1,1,0,0,1.0,0.0,0.0,0.0,0.0
1964920491.0,1,1,0,0,1.0,0.0,8.0,0.0,0.0
1965306015.0,1,1,0,0,1.0,0.0,7.0,0.0,0.0
1967303842.0,1,1,0,0,1.0,0.0,15.0,1.0,3.0
1968950901.0,1,1,0,0,1.0,0.0,11.0,0.0,0.0
1970583526.0,1,1,0,0,1.0,0.0,7.0,0.0,1.0
1971731181.0,1,0,0,1,0.0,0.0,,0.0,2.0
1973017056.0,1,1,0,0,1.0,0.0,9.0,0.0,0.0
1974372377.0,1,0,1,0,0.0,1.0,15.0,1.0,3.0
1975234047.0,1,1,0,0,1.0,0.0,14.0,0.0,0.0
1975658703.0,1,1,0,0,1.0,0.0,14.0,0.0,2.0
1975833473.0,1,1,0,0,1.0,0.0,1.0,0.0,0.0
1976705772.0,1,1,0,0,1.0,0.0,9.0,0.0,3.0
1976735111.0,1,1,0,0,1.0,0.0,16.0,1.0,0.0
1976921263.0,1,1,0,0,1.0,0.0,2.0,0.0,2.0
1977085507.0,1,1,0,0,1.0,0.0,2.0,0.0,3.0
1977153018.0,1,0,1,0,0.0,1.0,19.0,1.0,0.0
1977390536.0,1,0,1,0,0.0,1.0,32.0,1.0,0.0
1977847517.0,1,1,0,0,1.0,0.0,7.0,0.0,0.0
1978215720.0,1,0,1,0,0.0,1.0,30.0,1.0,0.0
1978322413.0,1,1,0,0,1.0,0.0,8.0,0.0,0.0
1978324630.0,1,1,0,0,1.0,0.0,12.0,0.0,0.0
1978539216.0,2,2,0,0,1.0,0.0,13.0,0.0,0.0
1979237893.0,1,1,0,0,1.0,0.0,9.0,0.0,3.0
1979316090.0,1,1,0,0,1.0,0.0,3.0,0.0,3.0
1979737108.0,1,0,1,0,0.0,1.0,2.0,0.0,1.0
1980083999.0,1,0,1,0,0.0,1.0,18.0,1.0,1.0
1980240956.0,1,0,1,0,0.0,1.0,17.0,1.0,0.0
1981131405.0,1,0,1,0,0.0,1.0,8.0,0.0,0.0
1982055409.0,1,0,1,0,0.0,1.0,21.0,1.0,0.0
1982064993.0,1,1,0,0,1.0,0.0,12.0,0.0,0.0
1982812729.0,1,0,1,0,0.0,1.0,3.0,0.0,0.0
1983120731.0,1,0,0,1,0.0,0.0,,0.0,0.0
1983732684.0,1,1,0,0,1.0,0.0,13.0,0.0,1.0
1983754496.0,1,0,0,1,0.0,0.0,,0.0,1.0
1984167371.0,1,0,1,0,0.0,1.0,1.0,0.0,3.0
1984276725.0,1,1,0,0,1.0,0.0,13.0,0.0,3.0
1984430334.0,1,1,0,0,1.0,0.0,5.0,0.0,2.0
1984737558.0,1,1,0,0,1.0,0.0,23.0,1.0,0.0
1985540083.0,1,0,1,0,0.0,1.0,15.0,1.0,0.0
1987017109.0,1,0,1,0,0.0,1.0,18.0,1.0,3.0
1987134750.0,1,1,0,0,1.0,0.0,8.0,0.0,0.0
1987287089.0,1,1,0,0,1.0,0.0,11.0,0.0,3.0
1987960983.0,1,1,0,0,1.0,0.0,4.0,0.0,1.0
1988320053.0,1,0,0,1,0.0,0.0,,0.0,0.0
1988373243.0,1,0,0,1,0.0,0.0,,0.0,0.0
1988630667.0,1,1,0,0,1.0,0.0,26.0,1.0,0.0
1988783281.0,1,0,1,0,0.0,1.0,4.0,1.0,2.0
1988830030.0,1,0,1,0,0.0,1.0,6.0,0.0,0.0
1989074465.0,1,1,0,0,1.0,0.0,13.0,0.0,0.0
1989136089.0,1,0,1,0,0.0,1.0,1.0,0.0,2.0
1989448784.0,1,0,1,0,0.0,1.0,9.0,0.0,3.0
1989461293.0,1,1,0,0,1.0,0.0,17.0,1.0,0.0
1989477385.0,1,0,1,0,0.0,1.0,18.0,1.0,1.0
1989931488.0,1,1,0,0,1.0,0.0,4.0,1.0,1.0
1989954483.0,1,0,0,1,0.0,0.0,,0.0,3.0
1990754586.0,1,1,0,0,1.0,0.0,17.0,1.0,0.0
1991110880.0,1,0,1,0,0.0,1.0,7.0,0.0,0.0
1991452065.0,1,0,0,1,0.0,0.0,,0.0,0.0
1991558484.0,1,0,1,0,0.0,1.0,13.0,0.0,0.0
1992253735.0,1,0,1,0,0.0,1.0,5.0,0.0,3.0
1992371442.0,1,0,1,0,0.0,1.0,6.0,0.0,1.0
1993541553.0,1,1,0,0,1.0,0.0,2.0,0.0,0.0
1993853409.0,1,0,0,1,0.0,0.0,,0.0,0.0
1993962280.0,2,0,2,0,0.0,1.0,30.0,1.0,0.0
1994894770.0,1,0,1,0,0.0,1.0,12.0,0.0,0.0
1994954903.0,1,0,0,1,0.0,0.0,,0.0,0.0
1995350619.0,1,0,1,0,0.0,1.0,5.0,0.0,0.0
1995737535.0,1,1,0,0,1.0,0.0,4.0,0.0,2.0
1996003497.0,1,1,0,0,1.0,0.0,11.0,0.0,2.0
1996521945.0,1,1,0,0,1.0,0.0,12.0,0.0,2.0
1996708061.0,1,1,0,0,1.0,0.0,18.0,1.0,0.0
1997471461.0,1,0,0,1,0.0,0.0,,0.0,0.0
1997972201.0,1,1,0,0,1.0,0.0,2.0,0.0,0.0
1999273235.0,1,1,0,0,1.0,0.0,9.0,0.0,0.0
1999313622.0,1,0,0,1,0.0,0.0,,0.0,0.0
1999364900.0,1,1,0,0,1.0,0.0,3.0,0.0,2.0
