,Billed_Amount,Allowed_Amount,Paid_Amount,Patient_Responsibility,Retry_Count,Processing_Latency_Days,SLA_Target_Days,Days_Supply,Quantity_Dispensed
Billed_Amount,1.0,0.15229305274582552,0.14752460836356993,0.07187408121009406,0.020188891368146795,0.020409533153510497,,0.08955196277655954,0.08338401430016795
Allowed_Amount,0.15229305274582552,1.0,0.956141534542497,0.6638120812120016,0.016771787869513104,-0.01863368548149427,,0.5740632023403551,0.617205805125811
Paid_Amount,0.14752460836356993,0.956141534542497,1.0,0.6461117646181038,0.009963568865042311,-0.02169627880899598,,0.5537227850145147,0.5957810265307726
Patient_Responsibility,0.07187408121009406,0.6638120812120016,0.6461117646181038,1.0,0.04394230452179547,-0.040214922712652194,,0.4588432802942434,0.4961737111234314
Retry_Count,0.020188891368146795,0.016771787869513104,0.009963568865042311,0.04394230452179547,1.0,-0.012452892363700382,,0.014355384697988817,0.02064640866336187
Processing_Latency_Days,0.020409533153510497,-0.01863368548149427,-0.02169627880899598,-0.040214922712652194,-0.012452892363700382,1.0,,-0.01728298135469846,-0.00623993494577156
SLA_Target_Days,,,,,,,,,
Days_Supply,0.08955196277655954,0.5740632023403551,0.5537227850145147,0.4588432802942434,0.014355384697988817,-0.01728298135469846,,1.0,0.9286895907899202
Quantity_Dispensed,0.08338401430016795,0.617205805125811,0.5957810265307726,0.4961737111234314,0.02064640866336187,-0.00623993494577156,,0.9286895907899202,1.0
