column,count,missing_count,mean,median,std,min,max,Q1,Q3,IQR,1st_percentile,5th_percentile,25th_percentile,50th_percentile,75th_percentile,95th_percentile,99th_percentile,skewness
Billed_Amount,2992,0,1009.8770432498895,540.155,6992.193714263094,-1609.88,257151.103687372,267.5375,893.5725,626.035,20.3548,64.701,267.5375,540.155,893.5725,1930.633999999999,2703.4456000000037,28.30074759882716
Allowed_Amount,2992,0,524.9105247326204,412.885,450.6865436957606,-863.05,2862.26,204.76250000000002,694.97,490.2075,14.683200000000001,48.6465,204.76250000000002,412.885,694.97,1463.5395,2070.916800000005,1.5148501309758113
Paid_Amount,2992,0,531.2663502673796,418.91999999999996,463.46735472782785,-1860.03,3719.08,205.415,699.63,494.21500000000003,15.4742,49.09,205.415,418.91999999999996,699.63,1477.1739999999993,2135.8744000000056,1.596371429883689
Patient_Responsibility,2992,0,150.52617981283424,103.825,150.65127065842518,1.11,1068.79,47.355000000000004,201.8775,154.52249999999998,3.4346,11.224,47.355000000000004,103.825,201.8775,460.753,754.6334000000002,2.092975754162066
Retry_Count,2992,0,0.8409090909090909,0.0,1.1113638609016387,0.0,3.0,0.0,2.0,2.0,0.0,0.0,0.0,0.0,2.0,3.0,3.0,0.9059908441273575
Processing_Latency_Days,2973,19,1.9781365623948872,2.0,1.3974090229087373,0.0,4.0,1.0,3.0,2.0,0.0,0.0,1.0,2.0,3.0,4.0,4.0,0.016742467475172478
SLA_Target_Days,2992,0,2.0,2.0,0.0,2.0,2.0,2.0,2.0,0.0,2.0,2.0,2.0,2.0,2.0,2.0,2.0,0.0
Days_Supply,2992,0,46.81483957219251,30.0,22.504098375750313,30.0,90.0,30.0,60.0,30.0,30.0,30.0,30.0,30.0,60.0,90.0,90.0,0.9179400483280866
Quantity_Dispensed,2992,0,53.86096256684492,42.0,27.987818912849054,24.0,135.0,33.0,74.0,41.0,24.0,26.0,33.0,42.0,74.0,115.0,130.09000000000015,1.0947143411707225
